time_s,mean_projected_velocity_cm_s,sem_projected_velocity_cm_s
5.9396424e-18,30009501.63493342,6931.52561791535
5.999038824e-16,29981552.202953797,12564.186443819332
1.1938681224e-15,29944549.879808452,16832.48439136034
1.7878323623999997e-15,29928840.564254075,17711.303399987704
2.3817966024e-15,29898969.630118363,18845.85299299558
2.9757608424e-15,29870444.792980637,20612.095120762504
3.5697250823999995e-15,29839870.170833882,21947.855267329254
4.1636893223999994e-15,29819137.593352307,22929.04221728168
4.7576535624e-15,29803885.03826697,23041.88032567194
5.3516178024e-15,29777118.57336979,25203.596772145283
5.9455820424e-15,29750907.20378612,25391.702085720855
6.5395462824e-15,29737855.180715695,25480.169542076117
7.1335105224e-15,29718463.540541813,26713.014592685235
7.7274747624e-15,29705851.462689653,26970.8592461406
8.3214390024e-15,29690208.753225945,27151.545390978223
8.9154032424e-15,29673236.59523168,27423.92499125353
9.5093674824e-15,29645619.4990471,28442.936151754424
1.01033317224e-14,29625665.726083744,28331.489105125776
1.06972959624e-14,29607985.5658313,28739.54020645548
1.12912602024e-14,29588690.5079064,28939.914053570043
1.1885224442399999e-14,29574843.283498142,29750.280572720996
1.2479188682399999e-14,29551049.179530144,30471.338949828365
1.3073152922399999e-14,29526273.318957295,31166.98687651091
1.3667117162399999e-14,29511851.783306014,31234.98784174736
1.42610814024e-14,29477436.587165095,32414.95641871195
1.48550456424e-14,29461963.013535094,32796.49289340624
1.54490098824e-14,29440719.897704456,32928.988613421534
1.60429741224e-14,29425322.17661038,32932.369659144126
1.66369383624e-14,29402401.089893926,33983.437525889894
1.72309026024e-14,29373951.99988158,35027.34360703612
1.78248668424e-14,29353183.900850352,35571.72340638407
1.84188310824e-14,29334755.92574897,35993.984159245876
1.90127953224e-14,29313706.796127655,36489.51776909783
1.96067595624e-14,29290896.722869962,37103.909401668694
2.02007238024e-14,29261840.163239922,38087.49132426339
2.07946880424e-14,29243445.98567027,38498.34665502599
2.13886522824e-14,29212159.09201472,39021.91348242345
2.19826165224e-14,29185461.344650906,40500.54248580296
2.25765807624e-14,29172709.5262729,40405.26577056169
2.31705450024e-14,29148852.76533726,41332.455166464184
2.37645092424e-14,29133714.41564897,41814.82992403488
2.43584734824e-14,29113023.842275683,42539.09508638773
2.49524377224e-14,29090788.785961024,42861.39403414199
2.55464019624e-14,29071146.80722019,42912.08406755719
2.61403662024e-14,29030474.145525552,44897.487091262126
2.67343304424e-14,29015372.64134239,45216.83050287303
2.73282946824e-14,29001976.50649854,45260.944755428514
2.79222589224e-14,28976617.78107601,46028.37068680139
2.85162231624e-14,28957594.854419664,46362.354429182706
2.91101874024e-14,28936445.776315853,46821.669815654146
2.97041516424e-14,28913117.843020257,46982.367244700305
3.02981158824e-14,28882036.091635667,48003.70337204455
3.08920801224e-14,28861501.339320716,48050.887568194994
3.14860443624e-14,28840666.068448488,47945.080977669386
3.20800086024e-14,28812684.47092221,48386.45428897007
3.26739728424e-14,28790455.01047901,48449.31493987723
3.32679370824e-14,28758344.76031449,48890.22028985673
3.38619013224e-14,28733240.667847265,48904.91072805411
3.44558655624e-14,28712943.474098314,50383.523808211045
3.50498298024e-14,28693558.589631487,50593.34124759423
3.56437940424e-14,28678603.8352293,50755.58905639148
3.62377582824e-14,28657913.349414445,51063.68592600641
3.68317225224e-14,28641481.64193526,50817.945664604114
3.74256867624e-14,28623399.007323436,51020.67345299714
3.80196510024e-14,28605431.75742281,51176.754922640706
3.86136152424e-14,28587465.67350544,51154.45302463811
3.92075794824e-14,28561002.70560062,51897.518009219806
3.98015437224e-14,28531394.45300229,52954.61183021103
4.0395507962399997e-14,28501054.76499926,52694.09976795419
4.0989472202399997e-14,28478305.662263557,53113.66404439366
4.1583436442399997e-14,28447254.467767436,53981.1709796695
4.2177400682399997e-14,28426842.30977519,54512.46367137713
4.2771364922399996e-14,28390079.207215633,55089.54108855196
4.3365329162399996e-14,28374867.559449654,55427.859773442986
4.3959293402399996e-14,28349052.97970063,56605.80602880471
4.4553257642399996e-14,28326859.022458583,57655.012047782446
4.5147221882399996e-14,28307014.74896473,57674.02463315554
4.5741186122399996e-14,28284151.048593502,58365.05635082212
4.6335150362399996e-14,28276738.41152292,58530.80995319433
4.6929114602399996e-14,28262295.257148832,58592.631065955866
4.7523078842399996e-14,28243470.405035183,58516.903576549266
4.8117043082399996e-14,28228765.914021567,58333.77758034997
4.8711007322399996e-14,28207144.260589775,58687.940062008296
4.9304971562399996e-14,28177562.009159334,59033.97962348579
4.9898935802399996e-14,28152328.268178247,59428.26712096483
5.0492900042399995e-14,28135458.141986467,60297.79545620625
5.1086864282399995e-14,28124675.87961343,60644.15902787278
5.1680828522399995e-14,28093212.72671536,61778.13383786663
5.2274792762399995e-14,28071746.691224188,62883.13590857346
5.2868757002399995e-14,28052306.095554117,62998.81467002171
5.3462721242399995e-14,28034627.706902962,62754.113852423885
5.4056685482399995e-14,28018435.201373313,62918.821056683104
5.4650649722399995e-14,27991375.3949416,63196.33023021256
5.5244613962399995e-14,27975031.822115377,63699.571289882224
5.5838578202399995e-14,27955841.70895923,64057.286874934776
5.6432542442399995e-14,27931533.84188364,64527.084728663125
5.70265066824e-14,27913940.734911878,64651.80873188387
5.76204709224e-14,27888274.24289416,65223.00880326068
5.82144351624e-14,27860077.499655582,65201.01589885724
5.88083994024e-14,27838908.18297263,66492.82674393443
5.94023636424e-14,27825451.9363477,66548.03052631479
5.99963278824e-14,27807231.6934937,66638.63678063526
6.05902921224e-14,27799815.71947688,66730.49761198799
6.11842563624e-14,27778189.84594487,67251.98055532044
6.17782206024e-14,27741919.59919452,68631.93462730382
6.23721848424e-14,27714700.17621612,70156.07364143884
6.29661490824e-14,27697228.26795047,70536.84310185304
6.35601133224e-14,27679789.895181525,70845.96993229889
6.415407756239999e-14,27653617.54252604,71410.33567819672
6.47480418024e-14,27631933.176569812,71796.39615344227
6.534200604239999e-14,27615193.571469024,71779.11140507637
6.59359702824e-14,27589590.693443358,73406.71626077278
6.652993452239999e-14,27569843.679631907,72986.23547734137
6.71238987624e-14,27540753.04118171,72759.09789754893
6.771786300239999e-14,27519150.805268828,72734.18376071657
6.83118272424e-14,27503058.960375994,72808.94826155009
6.890579148239999e-14,27477260.20791486,72851.3115110529
6.94997557224e-14,27464481.155605946,73246.49899728988
7.009371996239999e-14,27436427.109660484,74395.99126045588
7.06876842024e-14,27418927.63687676,74382.67630226213
7.128164844239999e-14,27387951.676185682,74556.72409520125
7.18756126824e-14,27363674.73794677,74512.30532546542
7.246957692239999e-14,27336684.46417552,75814.10800579238
7.30635411624e-14,27317584.6119441,75700.51018330293
7.365750540239999e-14,27278946.946537774,75896.77677119641
7.42514696424e-14,27261200.78379579,76137.64477907123
7.484543388239999e-14,27239468.612561334,76257.99155955453
7.54393981224e-14,27212236.588061452,76103.03346436049
7.603336236239999e-14,27194722.000979945,76032.61568420047
7.66273266024e-14,27159171.865360387,76507.25204311976
7.722129084239999e-14,27125534.22472838,77037.13848013342
7.78152550824e-14,27097024.851407357,77894.32591214582
7.840921932239999e-14,27074580.58019268,78219.59015784167
7.90031835624e-14,27049480.334535025,78713.29219680054
7.959714780239999e-14,27027682.47589112,78384.41572893885
8.01911120424e-14,27008674.674457747,78399.93666240273
8.078507628239999e-14,26986679.98401129,78383.72775528414
8.13790405224e-14,26971102.38750112,78591.75800936505
8.197300476239999e-14,26935756.625613153,79042.68610759813
8.25669690024e-14,26909732.27437303,78753.12294501271
8.316093324239999e-14,26894371.59090266,78979.42512050386
8.37548974824e-14,26876567.297624998,79538.0083470979
8.434886172239999e-14,26853811.625808023,80054.7072646033
8.49428259624e-14,26832966.033640675,80247.01926147407
8.553679020239999e-14,26812125.24022266,81268.02767413246
8.61307544424e-14,26785467.889612205,82161.23270242028
8.672471868239999e-14,26758869.23984309,82189.53062088075
8.73186829224e-14,26740436.463643793,82722.6176280584
8.791264716239999e-14,26713159.37070798,82713.62555630274
8.85066114024e-14,26698953.77265319,82709.29236166025
8.910057564239999e-14,26676091.366212163,82367.22567611389
8.96945398824e-14,26640990.56424417,82769.24385576717
9.028850412239999e-14,26623054.493059795,82727.72798882637
9.08824683624e-14,26607682.320306957,82633.37301194636
9.147643260239999e-14,26590365.079264212,82737.42235642449
9.20703968424e-14,26570619.79789327,82985.14787207646
9.266436108239999e-14,26550528.78637085,83023.6871414555
9.32583253224e-14,26504310.135179732,83395.9560956222
9.385228956239999e-14,26485223.064701904,83865.31384567749
9.44462538024e-14,26465785.77842785,83822.94304740358
9.504021804239999e-14,26439391.77607392,84011.75199135114
9.56341822824e-14,26418968.108448062,84398.46393969719
9.622814652239999e-14,26401997.381872457,84217.52130984174
9.68221107624e-14,26361815.27426806,84446.07950366226
9.741607500239999e-14,26329672.805342045,84601.01882779588
9.80100392424e-14,26308555.232971873,84770.12519128983
9.860400348239999e-14,26284197.615767144,85080.37937366254
9.91979677224e-14,26263705.635942206,84965.82047123944
9.979193196239999e-14,26236212.45977563,85194.69016241957
1.003858962024e-13,26211659.746933255,85805.33594060443
1.009798604424e-13,26194813.944402102,86182.6163076085
1.015738246824e-13,26177754.08892745,86231.20713375096
1.021677889224e-13,26162251.991739035,86800.24554179245
1.027617531624e-13,26145829.443191953,86837.84141604432
1.033557174024e-13,26123772.71443225,86852.1794276788
1.039496816424e-13,26110149.712101664,86824.52438585962
1.045436458824e-13,26095544.002407596,86457.65649571034
1.051376101224e-13,26071162.68737686,87041.9670861043
1.057315743624e-13,26046287.926904645,87137.5772999874
1.063255386024e-13,26021289.89451559,86843.23495865766
1.069195028424e-13,26007845.496182233,87198.88505094407
1.075134670824e-13,25977727.557440028,87459.53765056508
1.081074313224e-13,25956415.812336635,87812.00590830541
1.087013955624e-13,25927910.337006167,88922.65432558724
1.092953598024e-13,25914081.164343018,89068.66937875222
1.0988932404239999e-13,25895434.89322822,89285.4115933665
1.104832882824e-13,25884692.608341727,89073.62761607573
1.1107725252239999e-13,25864375.627100088,89183.62667460089
1.116712167624e-13,25836337.397947725,89711.05801612038
1.1226518100239999e-13,25813790.435316235,90031.81042283928
1.128591452424e-13,25794453.81542673,90182.6898008042
1.1345310948239999e-13,25758459.471989837,90054.69101420887
1.1404707372239999e-13,25723215.29948765,90709.51210287747
1.146410379624e-13,25690187.598739266,90004.87039723086
1.152350022024e-13,25654827.09653134,90460.4579338177
1.158289664424e-13,25631343.14421442,90489.3815876587
1.1642293068239999e-13,25610944.385824163,90536.34006395664
1.170168949224e-13,25591786.928890914,90562.12003159942
1.176108591624e-13,25568124.024788335,91065.68648782792
1.182048234024e-13,25545940.70222404,91038.06832263409
1.1879878764239999e-13,25527630.926480114,91407.98831286031
1.193927518824e-13,25512279.64329115,91593.45448226208
1.199867161224e-13,25489183.58949608,91954.35820478879
1.205806803624e-13,25467978.34039259,91835.976453386
1.2117464460239999e-13,25441807.764447115,92139.07934515037
1.217686088424e-13,25421236.881532524,91855.2140388317
1.223625730824e-13,25373560.964800827,93074.21739052207
1.229565373224e-13,25362995.49969063,93256.08025239657
1.2355050156239999e-13,25334244.389468726,93439.04912407209
1.241444658024e-13,25307395.733191617,93859.87970394746
1.247384300424e-13,25280290.046502482,93748.6403878304
1.253323942824e-13,25265104.553928807,93885.49547494219
1.2592635852239999e-13,25236482.621972874,94473.70966083818
1.265203227624e-13,25215019.841466993,94837.39386865408
1.271142870024e-13,25190068.12566755,95674.84954720925
1.277082512424e-13,25172165.27610462,95323.23549178196
1.2830221548239998e-13,25151730.31165598,95102.10436658235
1.288961797224e-13,25116104.56056549,95523.71687917861
1.294901439624e-13,25097049.769030023,95549.35130013998
1.300841082024e-13,25061690.8537337,96326.76597640623
1.3067807244239998e-13,25025238.799967494,95945.71200970409
1.312720366824e-13,24996016.879941043,95984.6396162319
1.318660009224e-13,24976430.958442997,96147.47587260815
1.324599651624e-13,24959076.287652295,96051.82007557593
1.3305392940239998e-13,24921956.654107343,96312.92122307267
1.336478936424e-13,24898155.921215057,96619.02726349176
1.342418578824e-13,24883366.41072975,96439.60382857996
1.348358221224e-13,24854898.3500326,96342.64921788784
1.3542978636239998e-13,24836259.464401603,96731.93723109232
1.360237506024e-13,24816830.315131187,96844.46587620041
1.366177148424e-13,24794894.9582154,96828.23706321036
1.372116790824e-13,24772121.90253374,97133.18726401115
1.3780564332239998e-13,24762229.374583688,97282.56826588862
1.383996075624e-13,24734023.05205461,98291.91214766569
1.389935718024e-13,24710012.851852026,98229.14837587328
1.395875360424e-13,24691837.70120301,98219.13686721753
1.4018150028239998e-13,24658907.49746281,98059.08367172541
1.407754645224e-13,24638086.431109868,98131.65004281704
1.413694287624e-13,24620226.08587264,98778.358944807
1.419633930024e-13,24607989.67655473,98757.10886648735
1.4255735724239998e-13,24586748.729753654,99082.20285348207
1.431513214824e-13,24550119.7443141,99893.05814049672
1.437452857224e-13,24520115.574959952,100381.10309210457
1.443392499624e-13,24502598.33385358,101036.23461610595
1.4493321420239998e-13,24469126.06795299,101620.72582860487
1.455271784424e-13,24450924.97700644,101784.19186470383
1.461211426824e-13,24415275.021413773,101899.8234584481
1.467151069224e-13,24393192.25506494,101769.51735655265
1.4730907116239998e-13,24363169.33379499,101273.06338705262
1.479030354024e-13,24333843.898278095,101211.98543463218
1.484969996424e-13,24308652.77358717,101362.98933461134
1.490909638824e-13,24283860.71242769,101459.83501941795
1.4968492812239998e-13,24254264.701675486,101394.89577713159
1.502788923624e-13,24235993.532275658,102111.77935358915
1.508728566024e-13,24217121.536543813,102610.08505507874
1.514668208424e-13,24196789.61173178,102645.40457437518
1.5206078508239998e-13,24182182.94286754,102857.94445836722
1.526547493224e-13,24162528.810703,102823.01902041318
1.532487135624e-13,24116167.281364214,103034.13618884097
1.538426778024e-13,24088615.969388083,103105.32902424617
1.5443664204239998e-13,24071289.51975692,103542.12565225076
1.550306062824e-13,24045118.937778365,103503.89671062739
1.556245705224e-13,24006426.871420678,104463.93172828393
1.562185347624e-13,23978485.19597651,104815.94123867783
1.5681249900239998e-13,23953729.7261941,105655.97768903889
1.5740646324239999e-13,23923247.194035728,105767.32701163478
1.580004274824e-13,23902703.3530661,105785.54704076848
1.585943917224e-13,23879422.687293943,105621.5680946173
1.5918835596239998e-13,23855942.85049313,106413.22640506424
1.5978232020239999e-13,23844545.59001124,106368.4809662159
1.603762844424e-13,23832348.79240728,107001.91515833855
1.609702486824e-13,23795083.25214181,108081.38680907141
1.6156421292239998e-13,23757354.72602604,108725.85776579245
1.6215817716239999e-13,23740639.16033526,108689.8437424751
1.627521414024e-13,23719477.817912977,109143.50213263178
1.633461056424e-13,23700461.358889405,109524.50079655544
1.6394006988239998e-13,23691741.920545463,109450.97495051048
1.6453403412239999e-13,23666781.288056485,109332.29296931137
1.651279983624e-13,23641817.188995846,109939.55169257248
1.657219626024e-13,23617012.114475116,110983.1514787525
1.6631592684239998e-13,23587545.01411619,111633.85254581334
1.6690989108239999e-13,23562624.270645123,112264.46469648664
1.675038553224e-13,23540323.24634774,112718.14234536892
1.680978195624e-13,23513344.924358778,112698.50305012646
1.6869178380239998e-13,23488835.66506662,113387.51551684637
1.6928574804239999e-13,23454272.650389418,113280.3837818881
1.698797122824e-13,23433538.315695394,113161.50811914296
1.704736765224e-13,23413676.495258342,113388.26784058662
1.7106764076239998e-13,23391301.721270416,113301.25154078494
1.7166160500239999e-13,23362965.333961453,114323.17319579762
1.722555692424e-13,23346375.41595393,114704.82258210253
1.728495334824e-13,23320745.823094584,114316.2655103657
1.734434977224e-13,23295114.26341135,113960.17997850609
1.7403746196239998e-13,23274009.02847356,114019.5363343586
1.746314262024e-13,23238562.878399912,114617.35098209808
1.752253904424e-13,23216853.651046384,114784.73074451706
1.758193546824e-13,23194911.265831396,114360.28282078051
1.7641331892239998e-13,23170538.502883136,114637.76645206774
1.770072831624e-13,23151566.84556049,114876.44220828929
1.776012474024e-13,23132094.233283184,115068.22829220815
1.781952116424e-13,23118307.472688187,115261.46771415112
1.7878917588239998e-13,23099113.353278343,115456.22061144654
1.793831401224e-13,23077792.4103427,115702.67569703059
1.799771043624e-13,23044617.546869297,115899.06565067318
1.805710686024e-13,23008719.38524805,115866.78453987936
1.8116503284239998e-13,22984640.84992351,115977.56588783278
1.817589970824e-13,22965527.938614726,116080.72191727009
1.823529613224e-13,22932551.903594673,116286.341063286
1.829469255624e-13,22892842.761642206,115164.97736836743
1.8354088980239998e-13,22872293.868442573,115336.40916430918
1.841348540424e-13,22855203.077565376,115362.38163604772
1.847288182824e-13,22820381.266359825,116073.14567864817
1.853227825224e-13,22794963.418803018,116048.19242506208
1.8591674676239998e-13,22760131.09521749,116039.42011762799
1.865107110024e-13,22729761.74967023,116055.60443421215
1.871046752424e-13,22700981.59281887,116249.79975456338
1.876986394824e-13,22674610.652592838,116515.8958430585
1.8829260372239998e-13,22643458.680791017,116669.11421025363
1.888865679624e-13,22625131.405097134,116215.68882503697
1.894805322024e-13,22606167.22552912,116889.00090590428
1.900744964424e-13,22584124.528234463,117222.22573669624
1.9066846068239998e-13,22566140.253437985,117113.48654581212
1.912624249224e-13,22543871.837236367,116967.72936280808
1.918563891624e-13,22525837.790444493,117216.57135767073
1.924503534024e-13,22497290.560989607,116151.33253923396
1.9304431764239998e-13,22475339.046986762,116266.28320536352
1.936382818824e-13,22454259.464711953,116337.56298032214
1.942322461224e-13,22439337.97339226,116530.4737081044
1.948262103624e-13,22413181.20587454,117516.08100575894
1.9542017460239998e-13,22394749.066527486,117803.09557697368
1.960141388424e-13,22375491.316850152,117443.42578909274
1.966081030824e-13,22344395.77583109,117678.337644709
1.972020673224e-13,22311336.337961286,118960.15299420396
1.9779603156239998e-13,22287586.600772478,119004.36499978272
1.983899958024e-13,22265808.70933956,119464.13019071455
1.989839600424e-13,22238556.142397,119415.36956778326
1.995779242824e-13,22215134.845549542,119506.65706407173
2.0017188852239998e-13,22191514.364167962,120080.47871595097
2.007658527624e-13,22165407.31132969,120374.16848000123
2.013598170024e-13,22145525.31359162,120673.23663316031
2.019537812424e-13,22117843.573015537,120823.312510727
2.0254774548239998e-13,22089612.830527097,121050.28030677575
2.0314170972239999e-13,22055988.998045977,121630.25800988816
2.037356739624e-13,22033040.599491883,121690.07410668119
2.043296382024e-13,22001177.950992703,121849.25598582914
2.0492360244239998e-13,21975083.79567227,122048.45181285351
2.0551756668239999e-13,21959606.73466084,121817.89210241292
2.061115309224e-13,21926834.27781379,121970.32745887009
2.067054951624e-13,21909669.627056263,121635.67285172375
2.0729945940239998e-13,21877582.466406185,122077.87464397059
2.0789342364239999e-13,21841205.664208855,122951.2827859819
2.084873878824e-13,21823194.013501175,123052.57497151983
2.090813521224e-13,21806765.22329037,123038.23687795072
2.0967531636239998e-13,21777412.161169752,122412.58040574475
2.1026928060239999e-13,21747479.453586627,122608.404753825
2.108632448424e-13,21719982.531395506,123089.30185919175
2.114572090824e-13,21698608.67881845,122978.01301856778
2.1205117332239998e-13,21675641.804606915,123075.33270605496
2.1264513756239999e-13,21655932.26988876,123200.24281661688
2.132391018024e-13,21637529.603172798,123440.17082604681
2.138330660424e-13,21614045.429345258,123627.27202781441
2.1442703028239998e-13,21580779.917814184,123751.39774104347
2.1502099452239999e-13,21559478.162339985,124199.06748597903
2.156149587624e-13,21520435.149812594,124588.58086767832
2.162089230024e-13,21493042.957356174,124662.47540736427
2.1680288724239998e-13,21471802.521948777,125255.89883446143
2.1739685148239999e-13,21451893.979983166,125392.61938132375
2.179908157224e-13,21426471.677723136,125933.75060503534
2.185847799624e-13,21401921.071096506,126283.81205128599
2.1917874420239998e-13,21387760.533297926,126256.6321893657
2.1977270844239998e-13,21362595.538198348,126322.75111332847
2.203666726824e-13,21338265.424184177,126806.36905654793
2.209606369224e-13,21313219.097328413,126884.01968213682
2.2155460116239998e-13,21285432.48244472,127318.76150700205
2.2214856540239998e-13,21265881.237892076,127398.9282920284
2.227425296424e-13,21248011.141096458,127043.30550115417
2.233364938824e-13,21230958.11339147,127299.8049702673
2.2393045812239998e-13,21198767.934638254,127056.5300425762
2.2452442236239998e-13,21174359.760909185,127300.58709478319
2.251183866024e-13,21156932.128825817,127491.75725817104
2.257123508424e-13,21140842.236288644,127555.31777800014
2.2630631508239998e-13,21121644.380867124,127396.82736961148
2.2690027932239998e-13,21092150.43343836,127296.48647226245
2.274942435624e-13,21062902.415446516,127109.93873109738
2.2808820780239997e-13,21031857.306394678,127638.24758939241
2.286821720424e-13,21013672.408639837,127546.3922245901
2.292761362824e-13,20992480.86318559,127673.73886065037
2.2987010052239996e-13,20955614.498190314,128861.91567063256
2.304640647624e-13,20937407.39597864,129444.96537312592
2.310580290024e-13,20905311.134632975,129701.85751119314
2.316519932424e-13,20886922.819663938,129662.68581795454
2.322459574824e-13,20862993.7023104,129766.76873809837
2.3283992172239997e-13,20839816.09844323,129917.98383521377
2.334338859624e-13,20813943.374946073,130825.13679695486
2.340278502024e-13,20785146.007530574,130758.59857403375
2.3462181444239996e-13,20766577.648375504,130760.19598031513
2.352157786824e-13,20747727.947725765,130947.75726170736
2.358097429224e-13,20720042.47298261,130869.82745760166
2.364037071624e-13,20693239.534459565,131204.92894363604
2.369976714024e-13,20680300.902746048,131665.79840076907
2.3759163564239997e-13,20664611.566079985,131836.3568263423
2.381855998824e-13,20648217.608941376,131695.88524535464
2.387795641224e-13,20628904.515540753,131931.7203728307
2.3937352836239996e-13,20610618.69011104,131597.52394585364
2.399674926024e-13,20587883.13663227,131749.69527494733
2.405614568424e-13,20563881.339887317,131428.95429092116
2.411554210824e-13,20533386.68109542,131389.78575168562
2.417493853224e-13,20514815.522134263,131554.39877803365
2.4234334956239997e-13,20485597.420697525,131884.18812851774
2.429373138024e-13,20474548.056642342,132004.7455985868
2.435312780424e-13,20443582.929661185,133078.0048395134
2.4412524228239996e-13,20418330.531715296,133578.08166020465
2.447192065224e-13,20394675.515953235,133552.13378359412
2.453131707624e-13,20379246.63430629,133911.13086895642
2.459071350024e-13,20361628.074880634,134387.37510545546
2.465010992424e-13,20337215.51010442,134391.73382674946
2.4709506348239997e-13,20316015.662235234,134073.9125908757
2.476890277224e-13,20296229.30420407,133632.11841042596
2.482829919624e-13,20263718.74614834,133775.47286554295
2.488769562024e-13,20235428.581658874,134942.3391682892
2.494709204424e-13,20216202.377527025,135403.1008047408
2.5006488468239997e-13,20191766.081726532,135491.91521208992
2.506588489224e-13,20163434.414293516,135347.37970483393
2.512528131624e-13,20135277.42158054,135434.81770715636
2.5184677740239997e-13,20122396.939487822,136117.60912657375
2.524407416424e-13,20092663.332740806,136431.31892859793
2.530347058824e-13,20046418.188075244,136838.45486185706
2.536286701224e-13,20013753.62799951,136544.68421107464
2.542226343624e-13,19994734.316757206,136352.57243144623
2.5481659860239997e-13,19969672.445680194,136487.49129039442
2.554105628424e-13,19940457.757245053,136730.92252329545
2.560045270824e-13,19910580.40512906,136449.41612052664
2.5659849132239997e-13,19895854.686884653,136464.35184330566
2.571924555624e-13,19874353.35285368,136480.10144403312
2.577864198024e-13,19856267.607736085,136399.2280610118
2.583803840424e-13,19832351.91652427,136691.49927028478
2.589743482824e-13,19809085.593985684,136528.7466488623
2.5956831252239997e-13,19784221.91296104,136415.83525828802
2.601622767624e-13,19764817.734940954,136623.09639365572
2.607562410024e-13,19730979.09300793,136157.66233794385
2.6135020524239997e-13,19705678.57627312,136339.55237151115
2.619441694824e-13,19675598.04360871,136474.91222458112
2.625381337224e-13,19657583.6022823,136864.39683620344
2.631320979624e-13,19644904.46089453,136902.8302476335
2.637260622024e-13,19609613.43633441,137032.41019546118
2.6432002644239997e-13,19583280.414512273,137225.80979713082
2.649139906824e-13,19557620.5138978,137533.14170121742
2.655079549224e-13,19537044.240671318,137424.00962400675
2.6610191916239997e-13,19503656.089381076,136856.23899566598
2.666958834024e-13,19481436.292170588,136759.9514997693
2.672898476424e-13,19465095.317915495,136513.71815344074
2.678838118824e-13,19449846.575231515,136705.6631380459
2.684777761224e-13,19427659.33924607,137011.86575724647
2.6907174036239997e-13,19411226.351117495,136981.74508099383
2.696657046024e-13,19389828.172289077,136993.88046243993
2.702596688424e-13,19371077.700787213,137482.01785773548
2.7085363308239997e-13,19345085.799689718,138180.89650305102
2.714475973224e-13,19328349.94788778,138092.09670314656
2.720415615624e-13,19303567.3624411,138198.40113981543
2.726355258024e-13,19282360.00971936,138211.68775994348
2.732294900424e-13,19260932.1673628,137940.51606648485
2.7382345428239997e-13,19247988.915804423,138033.59188689984
2.744174185224e-13,19229403.032309595,137785.3627902232
2.750113827624e-13,19206893.551965207,137830.48798478203
2.7560534700239996e-13,19184090.702526584,137658.36437441682
2.761993112424e-13,19164672.048858736,137753.43473489356
2.767932754824e-13,19139037.751592547,138107.32708678363
2.773872397224e-13,19117580.62943954,138334.96719553464
2.779812039624e-13,19096350.606860142,138363.754297381
2.7857516820239997e-13,19076374.463141214,138288.10530382136
2.791691324424e-13,19057807.308644217,138179.0496978602
2.797630966824e-13,19032493.951995518,138769.12505037605
2.8035706092239996e-13,19015160.530720837,138710.91606873707
2.809510251624e-13,18989772.815630507,138650.4444232536
2.815449894024e-13,18969754.77861604,138833.27781634263
2.821389536424e-13,18946653.63550974,139071.91795077847
2.827329178824e-13,18929816.94249951,139337.05319635064
2.8332688212239997e-13,18913745.357334353,139128.2067494476
2.839208463624e-13,18899730.35308351,138993.65512809335
2.845148106024e-13,18884451.373448174,139034.21198336748
2.8510877484239996e-13,18857665.030718498,138609.93582193242
2.857027390824e-13,18842084.173138507,138488.8253211277
2.862967033224e-13,18816982.53584224,138422.11286728882
2.868906675624e-13,18783792.873553753,138586.40045199078
2.874846318024e-13,18756497.048557274,139011.85889335902
2.8807859604239997e-13,18742161.807367478,139288.6818953587
2.886725602824e-13,18721240.956995063,139161.78255227712
2.892665245224e-13,18703497.970458314,139083.8332503987
2.8986048876239996e-13,18687708.541084625,139136.64507597047
2.904544530024e-13,18663248.400140908,139203.33815139133
2.910484172424e-13,18645996.166862667,139659.3756327234
2.916423814824e-13,18627230.914825503,139362.57917805202
2.922363457224e-13,18602213.042089406,139216.43819767982
2.9283030996239997e-13,18574938.334641818,139134.8321533251
2.934242742024e-13,18558599.375489343,138842.85685919772
2.940182384424e-13,18535511.703408018,138139.0226003339
2.9461220268239996e-13,18514170.504651014,138308.74623080637
2.952061669224e-13,18493889.131173663,138561.08245168024
2.9580013116239997e-13,18473172.173531428,138968.7258422089
2.963940954024e-13,18449695.781635076,139069.87870398303
2.969880596424e-13,18426667.220857933,139244.51810335863
2.9758202388239997e-13,18401137.817472465,139829.37910819898
2.981759881224e-13,18376120.324346855,139601.2697497516
2.987699523624e-13,18359664.555424396,139297.270911253
2.9936391660239996e-13,18340628.66664775,139743.28048955536
2.999578808424e-13,18324660.413428444,140068.1607054697
3.0055184508239997e-13,18310788.922771864,140029.79199880172
3.011458093224e-13,18286102.461360965,139983.40873691146
3.017397735624e-13,18261494.86758916,140036.01508834874
3.0233373780239997e-13,18245819.605785664,140332.77842168137
3.029277020424e-13,18214295.815208957,140484.61495176982
3.035216662824e-13,18190558.28043074,139715.934783661
3.0411563052239996e-13,18165406.908088837,139330.97957035454
3.047095947624e-13,18137955.09921004,139701.5551404845
3.0530355900239997e-13,18118523.46278546,139579.66778523842
3.058975232424e-13,18083687.882441286,139693.36903490542
3.064914874824e-13,18062656.696071688,139830.65602772945
3.0708545172239997e-13,18031659.12767739,139373.04016793426
3.076794159624e-13,18014630.236063443,139200.35564446793
3.082733802024e-13,17993707.15223518,139681.5842501411
3.0886734444239996e-13,17966474.94237088,139269.38792720446
3.094613086824e-13,17943227.931917787,139109.70570245435
3.1005527292239997e-13,17923264.492144007,139135.23055375813
3.106492371624e-13,17905963.70035365,139257.22983624908
3.112432014024e-13,17872357.609403286,139440.3417660284
3.1183716564239997e-13,17842956.651465382,139323.20818524304
3.124311298824e-13,17817969.56831815,138856.48724049647
3.130250941224e-13,17798204.88625213,138559.66736265205
3.1361905836239996e-13,17777086.477540396,137896.06452015793
3.142130226024e-13,17749898.249589562,137702.1032459225
3.1480698684239997e-13,17736528.894844912,137826.94320777
3.154009510824e-13,17712697.102716643,137745.05358477074
3.159949153224e-13,17695189.56371179,137611.27559580753
3.1658887956239997e-13,17675002.65423899,137738.59616775622
3.171828438024e-13,17646438.497496866,137683.35568033496
3.177768080424e-13,17620869.80381131,138184.1133117652
3.1837077228239996e-13,17600621.59566475,138107.2340614614
3.189647365224e-13,17577081.917555496,137981.28794104053
3.1955870076239997e-13,17550853.4330336,137550.57685529083
3.201526650024e-13,17529754.596946742,137760.3911633235
3.207466292424e-13,17515807.77515149,137394.06380506515
3.2134059348239996e-13,17490901.672053438,137098.74909045277
3.219345577224e-13,17470038.896706183,136775.52368396395
3.225285219624e-13,17455608.985739246,136803.3831886446
3.231224862024e-13,17434469.87416416,137394.14587563352
3.237164504424e-13,17413933.80721841,136968.62920784074
3.2431041468239997e-13,17389781.498846017,136859.72788252166
3.249043789224e-13,17370617.27135015,137031.58111053437
3.254983431624e-13,17344521.22830236,137426.86819163943
3.2609230740239996e-13,17326879.205968596,137232.98418431552
3.266862716424e-13,17303486.44988533,137063.99708269117
3.272802358824e-13,17273869.95206978,136352.9213784713
3.278742001224e-13,17244400.44305401,136048.4524608153
3.284681643624e-13,17231688.30713012,136023.6033496566
3.2906212860239997e-13,17210450.145262204,135830.1415712871
3.296560928424e-13,17192663.414122958,136125.02577991516
3.302500570824e-13,17175017.570694275,136242.9446257847
3.3084402132239996e-13,17143604.38638421,136716.39416435437
3.314379855624e-13,17121366.181829847,137263.29059168656
3.320319498024e-13,17097878.17694235,137172.58528414657
3.326259140424e-13,17074490.49453615,137976.27919060603
3.332198782824e-13,17061527.87993288,137979.9544652555
3.3381384252239997e-13,17043341.53338761,138112.36949369087
3.344078067624e-13,17028731.297659207,137749.57857093436
3.350017710024e-13,17010737.098150622,137530.50789376686
3.3559573524239996e-13,16987817.00312465,137724.89893563974
3.361896994824e-13,16976861.758810047,137732.6491137817
3.367836637224e-13,16949160.56094111,137867.07422468165
3.373776279624e-13,16923549.149799697,137570.41263632657
3.379715922024e-13,16905434.823700745,137395.6275469302
3.3856555644239997e-13,16885777.167359516,137370.23047636365
3.391595206824e-13,16857397.61194299,137388.96997050318
3.397534849224e-13,16835329.534843076,137325.40031853842
3.4034744916239996e-13,16821631.90797034,137358.07426994853
3.409414134024e-13,16792297.10399669,137654.88502353508
3.4153537764239997e-13,16769813.909210602,137850.43949573036
3.421293418824e-13,16752779.225137066,137728.3877049734
3.427233061224e-13,16727774.057614937,137379.41689116185
3.4331727036239997e-13,16712146.554517275,136877.36385335328
3.439112346024e-13,16696936.479581391,137254.50563698518
3.445051988424e-13,16681176.510952901,136784.5839377321
3.4509916308239996e-13,16662936.531971773,136410.95299382534
3.456931273224e-13,16639072.497683436,137072.8066994741
3.4628709156239997e-13,16625254.939526526,137025.6540672779
3.468810558024e-13,16605222.080010517,136698.63109325437
3.474750200424e-13,16582783.506880831,137154.67807388745
3.4806898428239997e-13,16559435.525745982,137463.54929154145
3.486629485224e-13,16542851.749761175,137564.05984421136
3.492569127624e-13,16520862.369662527,137678.3497698265
3.4985087700239996e-13,16503857.607545989,138000.70200393384
3.504448412424e-13,16478318.807584768,137944.8552922266
3.5103880548239997e-13,16458528.592619164,137993.37058016576
3.516327697224e-13,16443815.232585296,137744.74305902142
3.522267339624e-13,16425377.228390677,136985.36918854242
3.5282069820239997e-13,16403522.014629625,136981.37716675925
3.534146624424e-13,16380778.08115073,136819.89046049348
3.540086266824e-13,16366714.120538501,137233.52407069426
3.5460259092239996e-13,16342027.816924699,137287.1226891938
3.551965551624e-13,16318180.851398792,136961.63347792634
3.5579051940239997e-13,16302038.150970653,136637.6663262583
3.563844836424e-13,16272259.809878426,136433.29422856873
3.569784478824e-13,16251593.507259715,136869.92641235868
3.5757241212239997e-13,16231261.384172134,137153.79968285142
3.581663763624e-13,16216003.292598657,137610.0302840026
3.587603406024e-13,16192996.029478762,138170.59013442474
3.5935430484239996e-13,16166934.26424839,138145.15190693492
3.599482690824e-13,16148288.327843046,138300.52661546168
3.6054223332239997e-13,16128572.767089412,138332.68730522483
3.611361975624e-13,16104530.388259977,138237.9485766808
3.617301618024e-13,16086324.00119444,138115.74179815425
3.6232412604239997e-13,16063819.746724611,138603.92596395718
3.629180902824e-13,16043778.572162353,138690.24679846215
3.635120545224e-13,16019838.632755738,138392.91559858507
3.6410601876239996e-13,16003769.019329008,138122.13437797458
3.646999830024e-13,15977424.123001201,137805.96230899912
3.6529394724239997e-13,15949073.64094806,138128.119999957
3.658879114824e-13,15928886.73807195,138098.78198541095
3.664818757224e-13,15907806.750818612,138757.25426235108
3.6707583996239996e-13,15884181.358762786,138140.04731447328
3.676698042024e-13,15860180.623208733,138192.46093701152
3.682637684424e-13,15847779.30675623,138411.13331172767
3.6885773268239996e-13,15827048.084760163,138837.07407817335
3.694516969224e-13,15810006.470359307,138852.8013197326
3.7004566116239997e-13,15790638.38012736,138868.66983622382
3.706396254024e-13,15768474.394972559,138707.39821160847
3.712335896424e-13,15738829.727189923,138724.75627772012
3.7182755388239996e-13,15714654.90460056,138923.2708178845
3.724215181224e-13,15684414.98320575,138538.76951602168
3.730154823624e-13,15655722.961767228,137751.0243660373
3.7360944660239996e-13,15626851.87322926,138154.0606092376
3.742034108424e-13,15606742.411662854,138338.0286763375
3.7479737508239997e-13,15583804.816073017,138623.629974027
3.753913393224e-13,15557375.550501548,138500.76140068844
3.759853035624e-13,15537128.017454814,138434.4326668769
3.7657926780239996e-13,15513252.253053525,138246.70357270536
3.771732320424e-13,15499471.464618016,138398.6006741772
3.777671962824e-13,15486672.076913014,138330.61903418612
3.7836116052239996e-13,15454784.523791827,138992.213521101
3.789551247624e-13,15430757.985595519,138838.57544785156
3.7954908900239997e-13,15405194.25744018,139004.06886761088
3.801430532424e-13,15393176.532317018,139185.01815640074
3.807370174824e-13,15378076.368064398,139020.62149058093
3.8133098172239996e-13,15357803.108418569,139244.70676119014
3.819249459624e-13,15334686.127424654,139369.1554383024
3.825189102024e-13,15312589.006382579,139459.9572642244
3.8311287444239996e-13,15282985.03381022,139450.15820298225
3.837068386824e-13,15261890.004668051,139506.61389433625
3.8430080292239997e-13,15242396.524216449,140300.41379833047
3.848947671624e-13,15216262.99805294,140837.36048301565
3.854887314024e-13,15198889.698336916,141205.84560265398
3.8608269564239996e-13,15175484.901259372,140911.47794826553
3.866766598824e-13,15147142.52828132,141176.72376557696
3.8727062412239997e-13,15117085.023906918,141537.27052203516
3.8786458836239996e-13,15096577.425523395,141426.95011878698
3.884585526024e-13,15075242.466837162,141819.2745864903
3.8905251684239997e-13,15050562.208814707,141773.0507991346
3.896464810824e-13,15031723.634047626,141652.68282696404
3.902404453224e-13,15006610.447093036,141666.57024098173
3.9083440956239996e-13,14980817.452046184,141740.89916593095
3.914283738024e-13,14954437.546744023,142298.45716160478
3.9202233804239997e-13,14936900.137970118,142356.7107809817
3.9261630228239995e-13,14915084.4392272,141958.45187415066
3.932102665224e-13,14901572.774671586,142163.05668526603
3.9380423076239997e-13,14887617.512332462,142157.49145667037
3.943981950024e-13,14866275.852765987,142104.45620842176
3.949921592424e-13,14841603.919712601,141852.01544543757
3.9558612348239996e-13,14815892.45000819,141745.10873126957
3.961800877224e-13,14788800.143458003,141081.0833234109
3.9677405196239997e-13,14772783.07434119,141039.0394055804
3.973680162024e-13,14751734.575809991,140627.9586497722
3.979619804424e-13,14741294.002107095,140579.85713548172
3.9855594468239997e-13,14728281.796371883,140519.5085574091
3.991499089224e-13,14708131.362930208,140493.47220433736
3.997438731624e-13,14687578.324443791,140970.0066286327
4.0033783740239996e-13,14662926.621922651,140677.52705388062
4.009318016424e-13,14642082.914180035,140998.1623441083
4.0152576588239997e-13,14625395.597983563,141113.93042475672
4.021197301224e-13,14593112.894374011,141085.2843082571
4.027136943624e-13,14575948.5999663,141043.86389613725
4.0330765860239997e-13,14551408.434732659,141221.76153311547
4.039016228424e-13,14526741.093948985,141582.26175674482
4.044955870824e-13,14510225.468304608,141766.0314560222
4.0508955132239996e-13,14491983.398995774,141540.50638669168
4.056835155624e-13,14469645.874653695,141403.21475324468
4.0627747980239997e-13,14444781.518847065,141135.90473783354
4.068714440424e-13,14422084.089834042,140730.42429587484
4.074654082824e-13,14402111.182997411,140439.04320804114
4.0805937252239997e-13,14374500.625466842,140628.54978057684
4.086533367624e-13,14346384.740940612,140992.1071957413
4.092473010024e-13,14331493.467643324,140844.9384357781
4.0984126524239996e-13,14309225.998113299,141368.10448377943
4.104352294824e-13,14297328.926340822,141263.4021256213
4.1102919372239997e-13,14263583.174103934,141156.3909646398
4.116231579624e-13,14241611.413539534,141106.1340102088
4.122171222024e-13,14224224.729600167,140788.32671778667
4.1281108644239996e-13,14207683.608512519,140635.7586504801
4.134050506824e-13,14191565.668603957,140668.555530524
4.139990149224e-13,14163461.511442905,141182.5917489558
4.1459297916239996e-13,14144666.448296597,141484.03012326636
4.151869434024e-13,14122497.18419523,141116.42810263534
4.1578090764239997e-13,14104413.020031195,141282.7879195923
4.163748718824e-13,14093071.41344364,141017.94809376914
4.169688361224e-13,14079429.081383443,141210.5766677034
4.1756280036239996e-13,14059008.514516143,141665.53839084177
4.181567646024e-13,14036549.64606031,141821.6000808167
4.187507288424e-13,14017494.276343971,141842.3840503802
4.1934469308239996e-13,13994080.041255398,142366.70685331916
4.199386573224e-13,13973397.440072646,142334.4175099078
4.2053262156239997e-13,13945306.280026097,142369.02049000488
4.211265858024e-13,13926395.645633575,142374.287927676
4.217205500424e-13,13899443.694230812,142036.7621331786
4.2231451428239996e-13,13875261.324288895,141880.08396121403
4.229084785224e-13,13847545.030622294,142117.38228899267
4.235024427624e-13,13818406.91199483,142289.83551333053
4.2409640700239996e-13,13794407.489130924,141778.8072879785
4.246903712424e-13,13772383.467650728,141903.59265781887
4.2528433548239997e-13,13752640.092690993,142190.4371949212
4.258782997224e-13,13739697.776157396,142198.21529987373
4.264722639624e-13,13729057.991610032,141860.39559545627
4.2706622820239996e-13,13703833.46830284,142067.14274473264
4.276601924424e-13,13684265.738307366,142150.86346980944
4.282541566824e-13,13671412.147406371,141739.9798966357
4.2884812092239996e-13,13644312.13294201,141941.84664484978
4.294420851624e-13,13616665.949823853,142131.5966270146
4.3003604940239997e-13,13597607.650551401,142057.04959528506
4.306300136424e-13,13578846.505753582,141857.58044252224
4.312239778824e-13,13562744.16735591,141756.3052995521
4.3181794212239996e-13,13544556.277074274,141728.70710082017
4.324119063624e-13,13533817.31741538,141904.51969157343
4.3300587060239997e-13,13510269.574267145,141495.4781022358
4.3359983484239996e-13,13488108.100347262,141282.85851108588
4.341937990824e-13,13476946.839419447,141359.56649503318
4.3478776332239997e-13,13460515.514120858,141693.82390530492
4.353817275624e-13,13438446.555933116,141621.2026658704
4.359756918024e-13,13421052.090444876,141607.71196098434
4.3656965604239996e-13,13400841.43716497,141376.54494448507
4.371636202824e-13,13381406.89506532,141038.3340608684
4.3775758452239997e-13,13351764.950893035,140874.82521861666
4.3835154876239995e-13,13332422.116909087,140705.53602094392
4.389455130024e-13,13312830.184228003,140364.52065779542
4.3953947724239997e-13,13303275.209334468,140039.82606790095
4.401334414824e-13,13288587.640847147,140016.38760793014
4.407274057224e-13,13271202.594534595,140199.84861474295
4.4132136996239996e-13,13248537.625500107,140422.03495688314
4.419153342024e-13,13228431.4600112,140281.5078342606
4.4250929844239997e-13,13216597.796712235,140595.1220591322
4.4310326268239995e-13,13195742.410235131,140518.82114750618
4.436972269224e-13,13175886.184916388,140216.24455080857
4.4429119116239997e-13,13151038.61205334,140199.27043923666
4.448851554024e-13,13132358.399341483,140158.66739054088
4.454791196424e-13,13116164.46362845,140146.40667043347
4.4607308388239996e-13,13094441.65018974,139531.28516325893
4.466670481224e-13,13077031.928171033,139881.19522807238
4.4726101236239997e-13,13063081.945787357,140305.17586194558
4.4785497660239995e-13,13042422.32915397,139945.80699476102
4.484489408424e-13,13018511.289769623,140045.88514522873
4.4904290508239997e-13,12993308.63456958,140017.73654466448
4.496368693224e-13,12979669.155056372,139898.18359718716
4.502308335624e-13,12958957.395536808,139916.28188452922
4.5082479780239996e-13,12944106.570765244,140211.7665440308
4.514187620424e-13,12926147.439832745,140196.11941949136
4.5201272628239997e-13,12905904.948998706,140625.5999480822
4.5260669052239995e-13,12888874.90615227,140530.54810545463
4.532006547624e-13,12876631.553819327,140132.2855506222
4.5379461900239997e-13,12856505.23227676,140222.98741249854
4.543885832424e-13,12842076.89921609,139799.32933912572
4.549825474824e-13,12824196.425704658,139714.78254402726
4.555765117224e-13,12801193.90005316,139778.23222659223
4.561704759623999e-13,12783521.251811326,139926.7417380037
4.567644402024e-13,12769196.624451729,139743.73027510397
4.573584044424e-13,12753475.120580355,139192.05803447525
4.579523686823999e-13,12734086.052829096,139615.79011907545
4.585463329224e-13,12715121.770098323,139873.12113221566
4.591402971624e-13,12702822.832979135,140065.84667465233
4.597342614023999e-13,12683678.023907518,139830.08190020797
4.603282256424e-13,12667985.396019315,139779.7667332719
4.609221898824e-13,12649712.645801613,139235.78332409306
4.615161541224e-13,12634743.318245789,138950.68963295256
4.621101183624e-13,12620422.784460733,138386.8038932287
4.627040826024e-13,12614582.308871515,138239.59743810171
4.632980468424e-13,12590188.943583818,138281.3143645192
4.638920110823999e-13,12568280.440837214,138047.61771030535
4.644859753224e-13,12554607.587532902,137644.26857843364
4.650799395624e-13,12536852.836180216,137135.28915823382
4.656739038023999e-13,12520279.895848347,137045.82010069094
4.662678680424e-13,12498922.833483085,137153.6206602142
4.668618322824e-13,12487835.860412624,137162.3124897197
4.674557965223999e-13,12469664.87393895,137638.07501262642
4.680497607624e-13,12450432.530675292,137542.82058058467
4.686437250024e-13,12430126.041733187,137360.18825788604
4.692376892424e-13,12412361.137154153,136932.62727080897
4.698316534824e-13,12401710.857656874,136969.22585486478
4.704256177224e-13,12387435.23826255,136709.14260493757
4.710195819624e-13,12364634.69334696,136625.1132519301
4.716135462024e-13,12352661.230566092,136444.7813991014
4.722075104424e-13,12336279.378834175,136413.25742533887
4.728014746824e-13,12314620.47346406,136227.136977113
4.733954389223999e-13,12298601.903408837,136708.34887121603
4.739894031624e-13,12291343.800090594,136712.03570235684
4.745833674024e-13,12275417.69737255,136623.0781703832
4.751773316423999e-13,12257356.987206453,136522.60853512783
4.757712958824e-13,12240249.26882016,136557.45840582487
4.763652601224e-13,12213973.736795146,136767.6202952742
4.769592243623999e-13,12196898.194268703,136905.02222241598
4.775531886024e-13,12178103.971800614,136561.09671111504
4.781471528424e-13,12163261.982814308,136498.21786574626
4.787411170824e-13,12143116.303754546,136896.92445216162
4.793350813224e-13,12117340.877249159,137154.60300445274
4.799290455624e-13,12092709.236282052,136558.38089647316
4.805230098024e-13,12066908.008847803,136243.13284218265
4.811169740423999e-13,12054012.945023336,136332.64387010148
4.817109382824e-13,12037401.570909549,136036.36892345076
4.823049025224e-13,12020092.215320772,135648.56204037264
4.828988667623999e-13,12003665.773555985,135388.54550820027
4.834928310024e-13,11979808.218887007,135090.5355990857
4.840867952424e-13,11955506.449051537,134647.6048164061
4.846807594823999e-13,11945323.44330574,134387.3948073679
4.852747237224e-13,11934868.72969881,134431.75175124503
4.858686879624e-13,11915853.788220154,134459.62047289926
4.864626522023999e-13,11905505.784435602,134486.36957883995
4.870566164424e-13,11888599.5835556,134238.1756367302
4.876505806824e-13,11875104.586603465,133971.59887260824
4.882445449224e-13,11858499.271652577,133729.90069247666
4.888385091624e-13,11846470.505768228,133489.94387232154
4.894324734024e-13,11833118.629318926,133278.85675795592
4.900264376424e-13,11812152.113786036,133254.26470116343
4.906204018823999e-13,11793226.441243134,132763.01413370558
4.912143661224e-13,11778030.912815157,132696.95590079794
4.918083303624e-13,11766117.08345837,132686.14057428035
4.924022946023999e-13,11752918.748869916,132644.7670062207
4.929962588424e-13,11731811.347959463,132665.97506697197
4.935902230824e-13,11720668.127274096,132883.5842774411
4.941841873223999e-13,11699610.14170832,132671.26995505166
4.947781515624e-13,11669585.263056228,132413.4266100083
4.953721158024e-13,11647333.38058578,132247.7844711641
4.959660800423999e-13,11633546.265747305,132102.86653795524
4.965600442824e-13,11616953.231365416,131783.08705920543
4.971540085224e-13,11599738.68794501,132197.71811108512
4.977479727624e-13,11583292.686635818,132086.455325403
4.983419370024e-13,11567326.49723815,132002.49446528126
4.989359012424e-13,11554556.680869265,131987.99337409914
4.995298654824e-13,11543854.7583219,131829.76483028848
5.001238297223999e-13,11523502.228791907,131529.95781579605
5.007177939624e-13,11505854.844939314,131171.7786531021
5.013117582024e-13,11491586.91595721,131068.05342327699
5.019057224423999e-13,11474273.047076046,131052.41333477439
5.024996866824e-13,11460015.902043944,131017.20489251948
5.030936509224e-13,11424821.947650366,130581.20775992959
5.036876151623999e-13,11406300.731474238,130544.34938720312
5.042815794024e-13,11382979.972233847,130770.98843748821
5.048755436424e-13,11367285.58040366,130771.34350054426
5.054695078823999e-13,11341153.44393065,130508.97436164315
5.060634721224e-13,11325231.905404247,130369.5742207626
5.066574363624e-13,11298772.080762284,130355.34236882758
5.072514006024e-13,11274119.379692875,130468.33708983078
5.078453648424e-13,11255010.299319437,130291.81140428892
5.084393290824e-13,11236170.596152436,129759.98103087736
5.090332933224e-13,11215745.494059986,129345.47146139554
5.096272575623999e-13,11196271.361056598,129143.56633973407
5.102212218024e-13,11182259.920571301,129178.77788018707
5.108151860424e-13,11164995.81582951,129126.07782289427
5.114091502823999e-13,11149159.577916421,128705.44464175265
5.120031145224e-13,11130613.484563963,128458.69607043189
5.125970787624e-13,11110105.292872457,128327.86849577246
5.131910430023999e-13,11095713.569552094,128460.29456813526
5.137850072424e-13,11079086.304542113,128466.22572423986
5.143789714824e-13,11063752.677252289,128077.1042710039
5.149729357223999e-13,11049046.049501108,127975.00544775398
5.155668999624e-13,11030085.28344606,127093.36242379001
5.161608642024e-13,11010564.240691176,126624.35369597025
5.167548284424e-13,10998511.714689983,126628.52115865926
5.173487926824e-13,10981652.049501644,126610.7109544763
5.179427569224e-13,10969369.256786112,126441.88584744613
5.185367211624e-13,10952188.969069118,126293.81023124467
5.191306854023999e-13,10936785.55149828,126347.95624621405
5.197246496424e-13,10927691.932975732,126164.35494500092
5.203186138824e-13,10916351.040732441,126132.17446160529
5.209125781223999e-13,10904496.99879795,126287.93631069263
5.215065423624e-13,10888564.913161939,126240.8256832494
5.221005066024e-13,10879809.192150187,126330.58718658768
5.226944708423999e-13,10867209.318928737,125991.03649482754
5.232884350824e-13,10857420.85862374,126138.70409618726
5.238823993224e-13,10847771.20664695,126315.302413586
5.244763635623999e-13,10833245.515015244,126571.67371790379
5.250703278024e-13,10822386.108708661,126841.90562228295
5.256642920424e-13,10809061.373456959,126912.60618508398
5.262582562824e-13,10783030.738254745,126672.97488682889
5.268522205223999e-13,10757796.332458459,126187.46343409015
5.274461847624e-13,10735567.50631003,126042.59020164695
5.280401490024e-13,10724748.703224134,125661.50010126209
5.286341132423999e-13,10712002.359536273,125215.52469117631
5.292280774824e-13,10694997.243478674,124964.11344188069
5.298220417224e-13,10683427.069092702,125175.38747012985
5.304160059623999e-13,10670507.025725216,125266.16533557889
5.310099702024e-13,10653110.108821085,124853.33899614742
5.316039344424e-13,10626428.053635653,124663.14341446578
5.321978986823999e-13,10605493.447380664,124506.05893230805
5.327918629224e-13,10586929.747553065,124553.07394647828
5.333858271624e-13,10565564.732320145,124295.19617992062
5.339797914023999e-13,10552036.2638257,124103.67764135222
5.345737556424e-13,10528595.94616578,123759.10357676775
5.351677198824e-13,10511786.92647918,124065.58138570712
5.357616841224e-13,10502516.989529043,123888.0835267302
5.363556483623999e-13,10490721.825808974,123673.50714610827
5.369496126024e-13,10474049.561543524,123143.12867456763
5.375435768424e-13,10458738.04814549,123110.78536799457
5.381375410823999e-13,10443070.037798518,123190.70079131791
5.387315053224e-13,10435610.545057416,123241.5394357763
5.393254695624e-13,10421674.530433692,123047.56503890632
5.399194338023999e-13,10411287.896180872,122993.12408625786
5.405133980424e-13,10400374.315254597,123099.71173675875
5.411073622824e-13,10387964.404835029,123000.11859560639
5.417013265223999e-13,10372713.678661868,122758.139655465
5.422952907624e-13,10361405.453679552,122689.5388454823
5.428892550024e-13,10355091.54431831,122390.13141345506
5.434832192424e-13,10343244.939230163,122400.46800965231
5.440771834824e-13,10330756.946521562,122053.16421712853
5.446711477224e-13,10312759.63885921,121992.35605467991
5.452651119624e-13,10300102.063621152,121801.86025191593
5.458590762023999e-13,10279787.417534856,121935.83649322987
5.464530404424e-13,10268938.676707452,121845.51430967092
5.470470046824e-13,10252773.417126605,122146.90580751926
5.476409689223999e-13,10239771.860017398,122001.17476619713
5.482349331624e-13,10228935.915588576,122082.25228443663
5.488288974024e-13,10223198.390476482,122099.65699178391
5.494228616423999e-13,10203076.53744921,122391.48748520769
5.500168258824e-13,10190711.092809664,122599.34075266805
5.506107901224e-13,10178100.685271345,122917.01039119434
5.512047543623999e-13,10159251.463674806,122562.373627745
5.517987186024e-13,10147154.570679216,122173.02831370111
5.523926828424e-13,10127084.42922262,122137.06809314861
5.529866470824e-13,10107793.867655281,121955.57663727722
5.535806113224e-13,10084294.276650531,121449.86849638833
5.541745755624e-13,10063266.73466284,120765.75458121124
5.547685398024e-13,10054378.454656722,120656.73245664657
5.553625040423999e-13,10044148.659433015,120793.54702305653
5.559564682824e-13,10031378.839300757,120712.69252068493
5.565504325224e-13,10022437.331677573,120655.98651068959
5.571443967623999e-13,10004303.973343378,120471.62068057315
5.577383610024e-13,9986093.722480586,120158.47920976627
5.583323252424e-13,9972645.296576332,119974.64281978659
5.589262894823999e-13,9945580.745898953,120339.73044223209
5.595202537224e-13,9937588.557645082,120399.44474072075
5.601142179624e-13,9921067.317333044,120159.29071813085
5.607081822023999e-13,9909876.952452641,120338.50437458309
5.613021464424e-13,9895665.18544606,120157.01530789836
5.618961106824e-13,9884796.268718392,120097.97083644515
5.624900749224e-13,9878801.231412122,120312.59594397777
5.630840391624e-13,9870203.873399738,120298.79412932451
5.636780034024e-13,9861869.389435142,120138.03299526652
5.642719676424e-13,9846800.510046825,120140.15808187042
5.648659318823999e-13,9833048.258053537,119688.90842817433
5.654598961224e-13,9819168.225771083,119375.66466850233
5.660538603624e-13,9808195.56885849,119252.50831559354
5.666478246023999e-13,9794377.458720824,118747.37069004712
5.672417888424e-13,9779543.96058776,118768.04848679018
5.678357530824e-13,9766545.587413408,118922.32011921398
5.684297173223999e-13,9751999.149597397,119049.35567561022
5.690236815624e-13,9742290.247575376,119246.63188999862
5.696176458024e-13,9733485.55329702,119541.7625536887
5.702116100423999e-13,9722880.401432717,119695.8825107509
5.708055742824e-13,9720041.696056236,119983.49417537639
5.713995385224e-13,9703144.881830757,119710.47988645882
5.719935027624e-13,9687803.707028037,119772.56931396534
5.725874670023999e-13,9676643.669173451,120087.31003006174
5.731814312424e-13,9670327.230932012,119883.73563391161
5.737753954824e-13,9661249.638680033,120242.10540217657
5.743693597223999e-13,9643393.770000711,120503.64335294656
5.749633239624e-13,9634228.763709875,120056.13182901914
5.755572882024e-13,9621328.049072135,119673.29755661277
5.761512524423999e-13,9601538.238902673,119328.45745028749
5.767452166824e-13,9582454.506361557,119754.54493209154
5.773391809224e-13,9567302.51190326,119116.50413574178
5.779331451623999e-13,9555993.302735474,119154.87977238261
5.785271094024e-13,9543693.660152758,119058.56389637334
5.791210736424e-13,9531893.507458182,119107.31313333169
5.797150378823999e-13,9513705.89042641,119539.0887737588
5.803090021224e-13,9505946.915532036,119501.93316298128
5.809029663624e-13,9496583.16582508,119545.97399225605
5.814969306024e-13,9491482.749989897,119351.08915743581
5.820908948423999e-13,9474812.591639046,119409.0605461389
5.826848590824e-13,9453233.467425505,119151.63772891389
5.832788233224e-13,9438712.232588893,119222.11448739469
5.838727875623999e-13,9426713.283944178,119099.17730194998
5.844667518024e-13,9415304.692734174,118881.65988888369
5.850607160424e-13,9393729.360097386,118873.02450167577
5.856546802823999e-13,9384260.107840255,119113.6667301096
5.862486445224e-13,9372644.008320976,119366.41892743147
5.868426087624e-13,9366947.536103038,119393.00669228628
5.874365730023999e-13,9356299.729129136,119523.54569038967
5.880305372424e-13,9337238.661755562,119424.68463323372
5.886245014824e-13,9330714.088476684,119282.64366149488
5.892184657223999e-13,9323451.295340555,119160.79841195777
5.898124299624e-13,9310463.256120376,118961.55390382976
5.904063942024e-13,9296989.31483456,118474.5022427439
5.910003584424e-13,9278362.177927775,117693.73894699181
5.915943226823999e-13,9257126.844570724,117356.68896252928
5.921882869224e-13,9241204.891274434,117176.9393538384
5.927822511624e-13,9226764.397559049,116970.89709537572
5.933762154023999e-13,9212293.786085794,116858.19309176606
