condition,nominal_velocity_cm_s,source_file,source_sha256,status,quality_flags,n_times_total,n_atoms,n_fit_points,start_index,end_index_exclusive,amplitude,amplitude_sigma,tau,tau_sigma,start_time,end_time,rmse,chi2,reduced_chi2,r_squared,residual_lag1_correlation,exponential_amplitude,exponential_amplitude_sigma,exponential_tau,exponential_tau_sigma,exponential_rmse,exponential_chi2,exponential_reduced_chi2,exponential_r_squared,power_B,power_B_sigma,power_amplitude_at_start,power_amplitude_at_start_sigma,power_time_offset,power_time_offset_sigma,power_alpha,power_alpha_sigma,power_beta,power_beta_sigma,power_rmse,power_chi2,power_reduced_chi2,power_r_squared,best_model,model_selection_reason,initial_mean_velocity,observed_decay_fraction,start_mean_velocity,start_velocity_sem,end_mean_velocity,end_velocity_sem,peak_time,target_fit_start_time,window_selection_score,candidate_window_count,message
0,100000.0,traj_unforcedprod_v1.0e+05_c0.txt,f853f2db1ae10ff2194a44ce01a0b897c81c8199b5ad35a0c6981f3ce564a67a,review,correlated_residuals,998,300,516,21,537,108379.6225035357,56.838214924084276,6.36213726213006e-09,4.20114050027589e-11,2.184922032e-12,1.1958531755519999e-09,729.0468310150773,5.833009198753559,0.011370388301663857,0.9833590657212025,0.9465512680896907,108379.6225035357,56.838214924084276,6.36213726213006e-09,4.20114050027589e-11,811.3346279131201,7.189531984727092,0.013987416312698623,0.979390527476697,117304090.88604407,63787308.48763655,107938.54681750695,60.72717487067105,2.7976664955447126e-09,1.7870203869491215e-10,-1.8171341444009652,0.22809292525290695,-0.3549706718749951,0.02874066152933377,729.0468310150773,5.833009198753559,0.011370388301663857,0.9833590657212025,power,power RMSE is 10.1% lower and power parameters are constrained,109558.44925561798,0.19910325582583777,109558.44925561798,6941.3917877136855,87745.0053055946,7033.548450141451,1.64899776e-12,2.184922032e-12,729.0468310150773,1,exponential: Both `ftol` and `xtol` termination conditions are satisfied.; power: `ftol` termination condition is satisfied.
0,220000.0,traj_unforcedprod_v2.2e+05_c0.txt,8f58d1a1c9ff704eeeca7006f5e3a614eb7920329d4302c4fbd6c89e47d12d52,review,correlated_residuals,998,300,443,23,466,224938.08632891046,80.96392497340008,4.0428458277076685e-09,1.6939354825583156e-11,2.3713126919999997e-12,8.226949445879999e-10,1058.7636442744988,10.721151331202146,0.024311000751025272,0.9927994371467654,0.9792364573766904,224938.08632891046,80.96392497340008,4.0428458277076685e-09,1.6939354825583156e-11,1058.7636442744988,10.721151331202146,0.024311000751025272,0.9927994371467654,1340838411801.162,2299907475078.6426,224444.84983782252,93.00508680729637,3.6030683673422435e-09,3.71957365328838e-10,-0.24601461958440507,0.1435694532832521,-0.8025588017045413,0.09247317533626878,977.0416252730356,9.21898900339248,0.020952247734982908,0.993868107415769,exponential,power RMSE improvement 7.7% is below the 10% acceptance threshold,224785.88564387153,0.20029222717311235,224785.88564387153,6935.700019044131,179763.01997117995,6971.250179491792,9.78636984e-13,2.3713126919999997e-12,1058.7636442744988,1,exponential: `ftol` termination condition is satisfied.; power: `ftol` termination condition is satisfied.
0,460000.0,traj_unforcedprod_v4.6e+05_c0.txt,606f4d447260df3c0ff32b78544cac603d7cab7ba21021813e90e180de1196fe,review,correlated_residuals,998,300,494,32,526,471374.4243125672,88.79297872466542,4.125321230654766e-09,8.717812595874292e-12,3.677265772000001e-12,8.823535818780001e-10,1244.8386741158433,15.281259503204112,0.031059470534967708,0.9978988385740007,0.98643915448215,471374.4243125672,88.79297872466542,4.125321230654766e-09,8.717812595874292e-12,1244.8386741158433,15.281259503204112,0.031059470534967708,0.9978988385740007,inf,inf,471364.8825416439,113.7345435264574,4.129087962645769e-07,3.1980535115301024e-06,0.99,0.07752151411245699,-99.99999999999969,775.2151411245651,1248.5307461682776,15.373558118938634,0.031310708999875016,0.9978863564046287,exponential,"power fit rejected as invalid, boundary-limited, undersampled, or poorly constrained",473174.7130300498,0.20019063285529304,473174.7130300498,6920.785348743114,378449.56777744245,7224.408882184122,8.242147420000001e-13,3.677265772000001e-12,1244.8386741158433,1,exponential: `ftol` termination condition is satisfied.; power: `ftol` termination condition is satisfied.
0,1000000.0,traj_unforcedprod_v1.0e+06_c0.txt,4ea75f87fcb66e0a29bf41e1afeb443862fc017bb5069f8a8aeff5f168990b92,review,correlated_residuals,998,300,676,51,727,1009197.4599771264,60.60337401863545,5.640444736879996e-09,3.87707791570943e-12,6.671537106000001e-12,1.2565911112950001e-09,606.1458935066661,4.476994375263559,0.006652294762650162,0.9998990112851056,0.9500233138177943,1009197.4599771264,60.60337401863545,5.640444736879996e-09,3.87707791570943e-12,1015.8341534841713,12.68344701043237,0.018818170638623694,0.9997163621846881,1.1631501708363748e+22,1.1606322810971633e+22,1008223.634806872,45.229403539536975,1.1958468609824848e-08,3.2527270380273305e-10,0.506768428039168,0.014042371802953488,-2.027445234344023,0.057721649239935065,606.1458935066661,4.476994375263559,0.006652294762650162,0.9998990112851056,power,power RMSE is 40.3% lower and power parameters are constrained,1008224.5747587709,0.1995010707675492,1008224.5747587709,6916.708363469388,807082.6925202392,8321.390111707564,1.1592387170000001e-12,6.671537106000001e-12,606.1458935066661,1,exponential: Both `ftol` and `xtol` termination conditions are satisfied.; power: Both `ftol` and `xtol` termination conditions are satisfied.
0,2200000.0,traj_unforcedprod_v2.2e+06_c0.txt,afbc3f50c12e043c825eaa5790f45a1948832a406b22f28be7e45575966b4977,review,correlated_residuals,998,300,871,127,998,2162183.7813333506,42.981542675535074,2.0313719772819546e-08,1.280219086548684e-11,2.5515057396e-11,1.5299856359399999e-09,546.4760522309654,4.400717774451846,0.005069951353055122,0.9998573372334439,0.9738498770007888,2162183.7813333506,42.981542675535074,2.0313719772819546e-08,1.280219086548684e-11,833.2181624373708,10.268811132189725,0.011816813730943298,0.9996683455506651,523807102782.9991,180087510012.9925,2161384.572766506,36.38798015362742,1.46097336356072e-08,4.083470841609771e-10,-0.4551854359096261,0.04260574258843056,-0.6871976418420565,0.02012016139880986,546.4760522309654,4.400717774451846,0.005069951353055122,0.9998573372334439,power,power RMSE is 34.4% lower and power parameters are constrained,2161755.9854122354,0.07254642091588337,2161755.9854122354,6935.151868312783,2004928.3257770892,8727.052482636449,4.43607113e-13,2.5515057396e-11,546.4760522309654,1,exponential: Both `ftol` and `xtol` termination conditions are satisfied.; power: `ftol` termination condition is satisfied.
0,4600000.0,traj_unforcedprod_v4.6e+06_c0.txt,b508363315c14a924030e5e40cf84f9de0cfecd424cfc490094c2eeda8abdc21,review,correlated_residuals,998,300,549,449,998,4647005.242618916,22.8124878537147,1.6589628890277865e-07,3.7404721798364514e-10,1.77031037376e-10,8.68611447552e-10,247.8005764254242,0.6883014314242445,0.001260625332278836,0.9980608361083254,0.9810594412938493,4647005.242618916,22.8124878537147,1.6589628890277865e-07,3.7404721798364514e-10,295.4792289034262,0.9816996243419425,0.0017946976679011745,0.9972428283444841,6772462.094392623,163879.60510898766,4646727.15826911,26.274407627056245,3.546840650590245e-09,2.1553503561467501e-10,-50.651520706301426,3.4785970692716575,-0.019360514198336103,0.0013038808350459268,247.8005764254242,0.6883014314242445,0.001260625332278836,0.9980608361083254,power,power RMSE is 16.1% lower and power parameters are constrained,4646515.559846557,0.004098084285840575,4646515.559846557,6963.302857870078,4627473.747446836,7041.10600649195,2.6313664128000003e-12,1.77031037376e-10,247.8005764254242,1,exponential: Both `ftol` and `xtol` termination conditions are satisfied.; power: `ftol` termination condition is satisfied.
0,10000000.0,traj_unforcedprod_v1.0e+07_c0.txt,846d3d7f6d5f9f72d51e7271666b173f819aed767af405fbbbda11ef3afe5805,ignored,never_reaches_99_9_percent_of_peak,998,300,0,0,0,nan,nan,nan,nan,nan,nan,nan,nan,nan,nan,nan,nan,nan,nan,nan,nan,nan,nan,nan,nan,nan,nan,nan,nan,nan,nan,nan,nan,nan,nan,nan,nan,nan,,,nan,nan,nan,nan,nan,nan,2.203348994e-13,nan,nan,0,trajectory never decays to 99.9% of its peak
0,22000000.0,traj_unforcedprod_v2.2e+07_c0.txt,d46ec48d62b578b679fbd2b4a9014d8cb887c8c0b6d0be6832b6aa19a9887b0e,ignored,never_reaches_99_9_percent_of_peak,998,300,0,0,0,nan,nan,nan,nan,nan,nan,nan,nan,nan,nan,nan,nan,nan,nan,nan,nan,nan,nan,nan,nan,nan,nan,nan,nan,nan,nan,nan,nan,nan,nan,nan,nan,nan,,,nan,nan,nan,nan,nan,nan,2.86704093e-13,nan,nan,0,trajectory never decays to 99.9% of its peak
0,46000000.0,traj_unforcedprod_v4.6e+07_c0.txt,a1abfd08e86ac41a59c65018c1bacce6d9e731c3fc5d55b39a4e19c2d991c50d,ignored,never_reaches_99_9_percent_of_peak,998,300,0,0,0,nan,nan,nan,nan,nan,nan,nan,nan,nan,nan,nan,nan,nan,nan,nan,nan,nan,nan,nan,nan,nan,nan,nan,nan,nan,nan,nan,nan,nan,nan,nan,nan,nan,,,nan,nan,nan,nan,nan,nan,7.6809008146e-12,nan,nan,0,trajectory never decays to 99.9% of its peak
0,100000000.0,traj_unforcedprod_v1.0e+08_c0.txt,6a57572cf9916e7360bf3c4fe08cc04da905f3e82e36372d6a421e77f787f752,ignored,never_reaches_99_9_percent_of_peak,998,300,0,0,0,nan,nan,nan,nan,nan,nan,nan,nan,nan,nan,nan,nan,nan,nan,nan,nan,nan,nan,nan,nan,nan,nan,nan,nan,nan,nan,nan,nan,nan,nan,nan,nan,nan,,,nan,nan,nan,nan,nan,nan,5.6681584603e-13,nan,nan,0,trajectory never decays to 99.9% of its peak
1,100000.0,traj_unforcedprod_v1.0e+05_c1.txt,ef15ce67b4e51f30fad624cad4f16f29233cab559c69f72da97f191f27088a82,review,correlated_residuals,998,300,66,14,80,108665.92925094189,281.6616379449705,4.673001455950701e-13,1.2797105590996325e-14,3.96406608e-15,1.0032136463999999e-13,1140.206938043108,1.700150317164776,0.026986512970869462,0.9664966324698802,0.861458749159881,108665.92925094189,281.6616379449705,4.673001455950701e-13,1.2797105590996325e-14,1323.483329780428,2.2858755087906686,0.0357168048248542,0.9548603638851557,229756747.60393447,360589796.71930796,107833.08588585009,286.4646798072237,1.687037792832719e-13,2.411986426576471e-14,-2.8374081011014467,0.8034473697202468,-0.26059255978350887,0.05456089141695157,1140.206938043108,1.700150317164776,0.026986512970869462,0.9664966324698802,power,power RMSE is 13.8% lower and power parameters are constrained,108489.6836033642,0.20187416564627458,108489.6836033642,7039.556787660308,86588.41924470673,6894.798150818722,3.50667384e-15,3.96406608e-15,1140.206938043108,1,exponential: `ftol` termination condition is satisfied.; power: `ftol` termination condition is satisfied.
1,220000.0,traj_unforcedprod_v2.2e+05_c1.txt,dc76ac5c9b00ffbb3f60eb6011d576ffcddac26ff115bda432b419798b0a534d,review,correlated_residuals,998,300,71,15,86,222424.52888162152,188.03777517764757,4.878490343894941e-13,4.296121919148197e-15,4.0369534100000004e-15,1.0565681511e-13,907.6011108221342,1.1791987438437452,0.017089836867300656,0.9947910215520883,0.8159362639238291,222424.52888162152,188.03777517764757,4.878490343894941e-13,4.296121919148197e-15,907.6011108221342,1.1791987438437452,0.017089836867300656,0.9947910215520883,4.954394476997411e+21,7.621390488766813e+22,222056.12984268306,237.56578664931226,7.021354452105325e-13,2.76905969310537e-13,0.25659489106600586,0.3142512419028933,-1.34516159222251,0.5686249607863936,879.1561011377132,1.1022898643599082,0.016210145064116298,0.9951124128790466,exponential,power RMSE improvement 3.1% is below the 10% acceptance threshold,223661.07079069936,0.20476977223721804,223661.07079069936,7042.467767678563,177862.04426655555,7016.283299901743,3.2017216700000004e-15,4.0369534100000004e-15,907.6011108221342,1,exponential: Both `ftol` and `xtol` termination conditions are satisfied.; power: `ftol` termination condition is satisfied.
1,460000.0,traj_unforcedprod_v4.6e+05_c1.txt,1ace7539494239f27dc50129470e909e5b14d00e7a0b0f55b0083296c2c98556,review,correlated_residuals,998,300,71,15,86,471634.628539952,183.80560203427984,3.7605812220250515e-13,1.437796024214171e-15,3.39994985e-15,8.898489435e-14,911.8529603995648,1.1086560817543867,0.016067479445715748,0.9989966261322857,0.8339858472303409,471634.628539952,183.80560203427984,3.7605812220250515e-13,1.437796024214171e-15,911.8529603995648,1.1086560817543867,0.016067479445715748,0.9989966261322857,inf,inf,471621.9125583834,246.97388904122502,3.764381663211856e-11,4.936355629608886e-10,0.99,0.13126469016662792,-99.99999999999996,1312.646901666278,915.5839047578818,1.1179794446259699,0.016440874185676028,0.998988398510584,exponential,"power fit rejected as invalid, boundary-limited, undersampled, or poorly constrained",472097.20749755116,0.2037937525988779,472097.20749755116,7031.229105316061,375886.7459901741,7233.562522569942,2.69651195e-15,3.39994985e-15,911.8529603995648,1,exponential: `xtol` termination condition is satisfied.; power: Both `ftol` and `xtol` termination conditions are satisfied.
1,1000000.0,traj_unforcedprod_v1.0e+06_c1.txt,330b937fc62103123356dd4ecbfb642c178b8ddeff7feadb7d716b277a492827,review,correlated_residuals,998,300,84,15,99,1008722.5329424017,218.88686370014582,3.750180612602882e-13,8.349976320172248e-16,2.5373609449999997e-15,8.767019541e-14,1187.5184350578986,2.2422710940660773,0.027344769439830212,0.9996275516042824,0.8409068066467005,1008722.5329424017,218.88686370014582,3.750180612602882e-13,8.349976320172248e-16,1187.5184350578986,2.2422710940660773,0.027344769439830212,0.9996275516042824,1.3901256851251061e+81,1.0941072534581291e+83,1008333.3964021778,281.7703095066545,2.4643040792239055e-12,1.14640035843724e-12,0.8455098391459546,0.07296718200825286,-6.47290412846906,3.0572145892849942,1158.7716470480354,2.124178290179433,0.026224423335548558,0.9996453653979791,exponential,power RMSE improvement 2.4% is below the 10% acceptance threshold,1007659.3926293277,0.2027095066884591,1007659.3926293277,7066.575987675244,803397.2542394444,7839.3505021501505,2.012389715e-15,2.5373609449999997e-15,1187.5184350578986,1,exponential: `xtol` termination condition is satisfied.; power: `ftol` termination condition is satisfied.
1,2200000.0,traj_unforcedprod_v2.2e+06_c1.txt,aeea72f8e036a17ac0237a28c0e5a777f9b34331dc326c8d2a4adf0a3f2205cc,review,correlated_residuals,998,300,90,16,106,2162225.787962917,450.601298716926,2.7653322483859197e-13,6.625562675001368e-16,1.810330784e-15,6.488904403899999e-14,2910.0961643218698,9.024742100375644,0.10255388750426868,0.9995139523063943,0.9543544272520006,2162225.787962917,450.601298716926,2.7653322483859197e-13,6.625562675001368e-16,2910.0961643218698,9.024742100375644,0.10255388750426868,0.9995139523063943,inf,inf,2162179.8733916236,586.6924570237674,2.7679568813242142e-11,2.2684389121809994e-10,0.9899999999950687,0.08203083452501668,-99.99999995068714,820.3083444411318,2932.9706153115358,9.14165568833588,0.10507650216478023,0.9995062812401208,exponential,"power fit rejected as invalid, boundary-limited, undersampled, or poorly constrained",2160692.116271441,0.20148633914129377,2160692.116271441,7049.2988824641825,1725342.1717524535,10606.087534248205,1.301175251e-15,1.810330784e-15,2910.0961643218698,1,exponential: Both `ftol` and `xtol` termination conditions are satisfied.; power: `ftol` termination condition is satisfied.
1,4600000.0,traj_unforcedprod_v4.6e+06_c1.txt,1b303d29f26ff77ad5a1244749265e8b5d9df53a631923c3f547bfd616f9712e,review,correlated_residuals,998,300,107,18,125,4643961.159491149,358.4675270386957,2.2179610437473662e-13,2.4131851701960364e-16,1.28471312e-15,5.1099464348e-14,2631.467145267047,4.1745140335896815,0.0401395580152854,0.9999120310320585,0.8926425613598179,4643961.159491149,358.4675270386957,2.2179610437473662e-13,2.4131851701960364e-16,3155.0707899709832,5.630655366113048,0.05362528920107665,0.99987354039863,4.551739437630816e+68,1.0354012045196271e+70,4642631.9107312765,379.44444836926334,1.1717874509820964e-12,1.9043758885942384e-13,0.8075354222016793,0.03180996735728464,-5.195761274305121,0.8587398181138536,2631.467145267047,4.1745140335896815,0.0401395580152854,0.9999120310320585,power,power RMSE is 16.6% lower and power parameters are constrained,4643686.201125457,0.2014830980015906,4643686.201125457,7129.402089267164,3708061.919175463,17256.645050935473,7.38710044e-16,1.28471312e-15,2631.467145267047,1,exponential: Both `ftol` and `xtol` termination conditions are satisfied.; power: `ftol` termination condition is satisfied.
1,10000000.0,traj_unforcedprod_v1.0e+07_c1.txt,9a567fed80641ff2f5d38842c42927fa0a3db979c7199a410740a5c8ad7a7d70,review,correlated_residuals,998,300,159,20,179,10003669.4960354,600.1649329312688,2.383983251663879e-13,2.732443056602559e-16,8.14874557e-16,5.3997911971e-14,6472.071037631075,13.53851402427702,0.08678534630946808,0.9998849282055691,0.9240729840244125,10003669.4960354,600.1649329312688,2.383983251663879e-13,2.732443056602559e-16,7766.778422828211,20.8911056731843,0.13306436734512292,0.9998342841054829,2.8604535833936766e+48,2.860028746076229e+49,10001125.51030755,557.1272824697865,8.372494363648812e-13,8.880753628395099e-14,0.7086782931778884,0.031625206940868504,-3.4326312683957516,0.37263846693373825,6472.071037631075,13.53851402427702,0.08678534630946808,0.9998849282055691,power,power RMSE is 16.7% lower and power parameters are constrained,9997731.23447591,0.19930509030408716,9997731.23447591,7328.319313565286,8005132.507952697,35441.02676734727,3.8249213899999997e-16,8.14874557e-16,6472.071037631075,1,exponential: `xtol` termination condition is satisfied.; power: `ftol` termination condition is satisfied.
1,22000000.0,traj_unforcedprod_v2.2e+07_c1.txt,8d9635c168a36546be212bcfba4fe7a4988131284fa8891e2208eb9ce540194e,review,correlated_residuals,998,300,315,28,343,21539625.1123149,1758.6894878808541,4.549909876841267e-13,9.756071866091946e-16,7.340751360000001e-16,9.673479014400001e-14,11661.166829454809,25.303265924665673,0.08110021129700537,0.9999147909172146,0.9345006974956432,21539625.1123149,1758.6894878808541,4.549909876841267e-13,9.756071866091946e-16,57059.748396730756,294.8975707175546,0.9421647626758932,0.9979598524510055,2.0216946788636422e+17,7.517814387286528e+16,21524576.078813,571.9293536208737,3.986963945051755e-13,6.0865807243311196e-15,-0.24331996662296884,0.02079751291040027,-0.8042981910088197,0.013453819177979966,11661.166829454809,25.303265924665673,0.08110021129700537,0.9999147909172146,power,power RMSE is 79.6% lower and power parameters are constrained,21530976.027988132,0.19975509924212342,21530976.027988132,8416.437929762238,17230053.77473758,78661.48316926445,1.8759697920000002e-16,7.340751360000001e-16,11661.166829454809,1,exponential: `ftol` termination condition is satisfied.; power: `ftol` termination condition is satisfied.
1,46000000.0,traj_unforcedprod_v4.6e+07_c1.txt,c7784d04ffb4fab3e5aef0b20d2a2360354c8c6d18a1c36ef3b92bd124791673,review,correlated_residuals,998,300,830,53,883,46442712.46094417,4385.694620716703,1.530081884997824e-12,5.18581738715659e-15,1.1781011175e-15,3.0450997795499996e-13,66403.484626528,497.5787081408802,0.6016671198801453,0.9994050036772989,0.9968067680423038,46442712.46094417,4385.694620716703,1.530081884997824e-12,5.18581738715659e-15,290187.7180718091,7483.124142622544,9.037589544230126,0.9886370630762399,426615212608.1128,32764021643.884655,46386480.55302251,1221.663201495715,5.980385345044209e-13,4.141896790524212e-15,-2.0838460794691387,0.02670109874882997,-0.3242703994396966,0.002807655029998239,66403.484626528,497.5787081408802,0.6016671198801453,0.9994050036772989,power,power RMSE is 77.1% lower and power parameters are constrained,46378815.21181236,0.19922045218348672,46378815.21181236,13796.484771079211,37139206.67358073,154189.72655594943,8.942681749999999e-17,1.1781011175e-15,66403.484626528,1,exponential: Both `ftol` and `xtol` termination conditions are satisfied.; power: `ftol` termination condition is satisfied.
1,100000000.0,traj_unforcedprod_v1.0e+08_c1.txt,0b4761a65c21c15e81ae45ddc7781e733824964e03ba8b418637821b29a57fc1,review,correlated_residuals,998,300,769,229,998,99934333.30534698,747.0508723194844,9.069173448841962e-12,1.419725332641351e-14,9.774114434000001e-15,1.8279860241000002e-13,15361.517288737368,111.58632297960632,0.14567405088721452,0.9992617120612385,0.9827364799341458,99934333.30534698,747.0508723194844,9.069173448841962e-12,1.419725332641351e-14,20611.498097104828,220.1463218402546,0.2870225838855992,0.9986708418373703,1138905971.5713265,97944374.10655363,99923930.85762079,649.6286975714346,8.57405075260399e-13,2.892218317051062e-14,-10.418058588132991,0.4173595543754958,-0.08758056304241768,0.00320129595422888,15361.517288737368,111.58632297960632,0.14567405088721452,0.9992617120612385,power,power RMSE is 25.5% lower and power parameters are constrained,99908635.23885925,0.019156375254042124,99908635.23885925,16589.73900487837,97994747.93110445,80585.99638546127,4.20352715e-17,9.774114434000001e-15,15361.517288737368,1,exponential: `xtol` termination condition is satisfied.; power: `ftol` termination condition is satisfied.
2,100000.0,traj_unforcedprod_v1.0e+05_c2.txt,e56d8ac4bcca5595036ab05432a711beca22ff680bdfb8b8b34c0a8cbb796b30,ignored,start_end_velocity_intervals_overlap,992,300,0,18,104,nan,nan,nan,nan,4.01471246e-13,7.390720665e-12,nan,nan,nan,nan,nan,nan,nan,nan,nan,nan,nan,nan,nan,nan,nan,nan,nan,nan,nan,nan,nan,nan,nan,nan,nan,nan,nan,,,144287.18488488128,0.20754300865725606,144287.18488488128,31108.313359128704,114341.38842318727,31169.26095875865,3.8322255299999997e-13,4.01471246e-13,nan,0,excluded before fitting by velocity-identifiability rules
2,220000.0,traj_unforcedprod_v2.2e+05_c2.txt,5eed45ca37108f0f7734a6f3dcf3b89a20d75644829fc85bc1ea36dc87cf4750,ignored,start_end_velocity_intervals_overlap,993,300,0,19,150,nan,nan,nan,nan,4.10381571e-13,1.4987848679999998e-11,nan,nan,nan,nan,nan,nan,nan,nan,nan,nan,nan,nan,nan,nan,nan,nan,nan,nan,nan,nan,nan,nan,nan,nan,nan,nan,nan,,,259545.8739730576,0.20719637101539234,259545.8739730576,31111.65132811693,205768.9107738217,30013.669300544105,3.9253889399999997e-13,4.10381571e-13,nan,0,excluded before fitting by velocity-identifiability rules
2,460000.0,traj_unforcedprod_v4.6e+05_c2.txt,1f6555b3fe32506245ef37523933a2c1e1ea130bae8ec3ad25496f9a7d564997,review,correlated_residuals,993,300,124,19,143,502230.5189823917,695.6892671167662,6.382680787950466e-11,9.848718215431196e-13,4.0863659999999997e-13,1.331474255e-11,4583.274733906604,2.6289700692757445,0.02154893499406348,0.9729587534887103,0.9516680155970135,502230.5189823917,695.6892671167662,6.382680787950466e-11,9.848718215431196e-13,4583.274733906604,2.6289700692757445,0.02154893499406348,0.9729587534887103,152138546022.90988,531971667456.46936,500312.3511503966,845.9081659355061,3.9573544954544e-11,9.543386441911083e-12,-0.8972458086107826,0.5443634843193274,-0.527079830911435,0.1512313333186298,4400.702600170733,2.450999686356908,0.02025619575501577,0.9750701901810863,exponential,power RMSE improvement 4.0% is below the 10% acceptance threshold,508109.64376635314,0.20617387744885884,508109.64376635314,31112.988229906958,403350.7083418857,32465.962875553196,3.7458355e-13,4.0863659999999997e-13,4583.274733906604,1,exponential: Both `ftol` and `xtol` termination conditions are satisfied.; power: `ftol` termination condition is satisfied.
2,1000000.0,traj_unforcedprod_v1.0e+06_c2.txt,da7e2ef8df18c47713c27bf079b679910298641b12485420e3c3f2dbcef37f43,review,correlated_residuals,993,300,136,20,156,1033722.1394894973,958.4232297268437,6.862926844268603e-11,6.614393649722032e-13,4.1847651e-13,1.528214218e-11,6566.426068868759,6.041027505753327,0.04508229481905468,0.988138226176683,0.9759495686269173,1033722.1394894973,958.4232297268437,6.862926844268603e-11,6.614393649722032e-13,6566.426068868759,6.041027505753327,0.04508229481905468,0.988138226176683,inf,inf,1033693.5450910921,1283.677556249206,6.869781512752617e-09,2.3685090061454195e-07,0.99,0.34509887286706786,-99.99999999999996,3450.9887286706758,6579.901665933705,6.065844476285301,0.04560785320515264,0.9880894908375527,exponential,"power fit rejected as invalid, boundary-limited, undersampled, or poorly constrained",1043998.720363464,0.20044807894464245,1043998.720363464,31068.266326929952,834731.1824459427,31389.17341032602,3.4098086e-13,4.1847651e-13,6566.426068868759,1,exponential: `ftol` termination condition is satisfied.; power: Both `ftol` and `xtol` termination conditions are satisfied.
2,2200000.0,traj_unforcedprod_v2.2e+06_c2.txt,e2ed6ea2116c5a51384e412819aeabaaefb8c755095a043ceabc36c5c1fbfcf3,review,correlated_residuals,994,300,134,22,156,2206367.885365874,853.8107317094256,6.356919106394689e-11,2.4981734845385724e-13,4.4161971000000006e-13,1.4586439245000003e-11,4616.249365119818,2.899790921733347,0.022135808562849975,0.9987731662424947,0.9547262256364116,2206367.885365874,853.8107317094256,6.356919106394689e-11,2.4981734845385724e-13,5773.580448852202,4.497031341248238,0.034068419251880595,0.9980808998520682,3.6658029590609184e+17,1.0824705074974862e+18,2201565.8543298324,883.6962835739637,7.681339251723402e-11,8.36200771666522e-12,0.09863926875066642,0.10721284364103117,-1.1094337320574719,0.13196220017295252,4616.249365119818,2.899790921733347,0.022135808562849975,0.9987731662424947,power,power RMSE is 20.0% lower and power parameters are constrained,2198972.138573551,0.2006148031541326,2198972.138573551,31223.52121140688,1757825.7758521962,32586.78070000362,2.7276511500000004e-13,4.4161971000000006e-13,4616.249365119818,1,exponential: Both `ftol` and `xtol` termination conditions are satisfied.; power: `ftol` termination condition is satisfied.
2,4600000.0,traj_unforcedprod_v4.6e+06_c2.txt,4b8fad68adf5be477587931c86d3d53dc662bddc54b2639fd7d1178d3ec9552b,review,correlated_residuals,995,300,163,22,185,4682070.005065669,770.6062880579582,8.144524038850163e-11,1.4137964221396215e-13,3.755265189e-13,1.84682016218e-11,6050.376584329245,5.3339407305720075,0.03313006664951557,0.9995295946549146,0.9627795068286782,4682070.005065669,770.6062880579582,8.144524038850163e-11,1.4137964221396215e-13,6050.376584329245,5.3339407305720075,0.03313006664951557,0.9995295946549146,inf,inf,4681962.294568937,1011.9929652058632,8.152278554709142e-09,4.9490775635338933e-08,0.9899999995031677,0.06076569366922569,-99.99999503167824,607.6568763115548,6049.662316666859,5.337653961286817,0.033360337258042605,0.9995297057142806,exponential,"power fit rejected as invalid, boundary-limited, undersampled, or poorly constrained",4682951.492106266,0.20199293379118666,4682951.492106266,31076.184098433303,3737028.3814139063,35435.629822168616,2.022065871e-13,3.755265189e-13,6050.376584329245,1,exponential: Both `ftol` and `xtol` termination conditions are satisfied.; power: `ftol` termination condition is satisfied.
2,10000000.0,traj_unforcedprod_v1.0e+07_c2.txt,9b13a61032155cd2d0140a3cb8a5d8ee76891d77a0f1f00ae6ef4a6119bccdf0,review,correlated_residuals,996,300,339,29,368,10073472.768546011,2410.0168613523915,2.4255733093972224e-10,7.755699344084061e-13,4.0808053439999997e-13,5.1566540255999994e-11,6111.071069721216,9.208569841984712,0.027406457863049738,0.9998906443629216,0.9621203679316361,10073472.768546011,2410.0168613523915,2.4255733093972224e-10,7.755699344084061e-13,33928.21201331632,228.18197849145034,0.6770978590250751,0.996629235179072,830798040030.658,97872587585.14177,10042152.858779166,580.5120232951765,1.4244176811273506e-10,1.2891562805290711e-12,-1.0022419918706906,0.021622299675610912,-0.49944012964471995,0.00539347601191531,6111.071069721216,9.208569841984712,0.027406457863049738,0.9998906443629216,power,power RMSE is 82.0% lower and power parameters are constrained,10034981.179071853,0.20000185232941636,10034981.179071853,30923.670825823705,8027966.355166651,51254.884632104186,1.360268448e-13,4.0808053439999997e-13,6111.071069721216,1,exponential: `ftol` termination condition is satisfied.; power: `ftol` termination condition is satisfied.
2,22000000.0,traj_unforcedprod_v2.2e+07_c2.txt,aa4e28d68667439e20c9d8aaaad41f762798d95a3325cd1eb4e3035ac8c817ee,review,correlated_residuals,996,300,889,107,996,21584782.299417596,1270.5237257484225,1.8267516298100086e-09,2.6351638969728777e-12,2.4962601235000002e-12,2.0221452636800002e-10,7587.236876524015,29.33455691591145,0.033108980717733015,0.9998723647439917,0.9879346736848057,21584782.299417596,1270.5237257484225,1.8267516298100086e-09,2.6351638969728777e-12,30421.70826564731,421.6627432450506,0.47538077028754294,0.9979480321022537,32055366745.59059,1991764132.0030384,21556715.562359538,411.50408952726355,7.178910340193926e-10,5.579006983355445e-12,-1.882416268871586,0.02557706470163876,-0.34693115314377615,0.0030784868399477625,7587.236876524015,29.33455691591145,0.033108980717733015,0.9998723647439917,power,power RMSE is 75.1% lower and power parameters are constrained,21566567.260504387,0.10852077923852776,21566567.260504387,31096.215383579496,19226146.57589433,51596.15143337886,1.152120057e-13,2.4962601235000002e-12,7587.236876524015,1,exponential: `ftol` termination condition is satisfied.; power: `ftol` termination condition is satisfied.
2,46000000.0,traj_unforcedprod_v4.6e+07_c2.txt,01fc57925a3f064cfdf6074b6e8c9c6d9939d97eac595ba6f5bd3b11edf7f544,review,correlated_residuals,996,300,600,396,996,46409022.53315106,246.11136918775543,1.513372576701753e-08,2.581346653713524e-11,1.7963269009399998e-11,1.1204748932299999e-10,3502.15001781105,6.417488258324151,0.010731585716261122,0.9982458767218026,0.9804010829942457,46409022.53315106,246.11136918775543,1.513372576701753e-08,2.581346653713524e-11,3502.15001781105,6.417488258324151,0.010731585716261122,0.9982458767218026,inf,inf,46409021.311700955,246.35041503465328,1.5134170254261059e-06,1.2918992877564178e-09,0.9899999998760423,8.53710479830891e-06,-99.99999876042263,0.08537104586660871,3502.6571847024247,6.419347774095493,0.010752676338518414,0.9982453686352489,exponential,"power fit rejected as invalid, boundary-limited, undersampled, or poorly constrained",46413103.88653901,0.006271368044139636,46413103.88653901,31896.75397641492,46122030.22999564,35969.49684490595,3.963413079999999e-14,1.7963269009399998e-11,3502.15001781105,1,exponential: Both `ftol` and `xtol` termination conditions are satisfied.; power: Both `ftol` and `xtol` termination conditions are satisfied.
2,100000000.0,traj_unforcedprod_v1.0e+08_c2.txt,d8b802331a3a6d5f2ca984b37c8d5b398eb7fc46b6e845489e75c217bcd693e5,ignored,never_reaches_99_9_percent_of_peak,996,300,0,0,0,nan,nan,nan,nan,nan,nan,nan,nan,nan,nan,nan,nan,nan,nan,nan,nan,nan,nan,nan,nan,nan,nan,nan,nan,nan,nan,nan,nan,nan,nan,nan,nan,nan,,,nan,nan,nan,nan,nan,nan,6.967331372e-14,nan,nan,0,trajectory never decays to 99.9% of its peak
3,100000.0,traj_unforcedprod_v1.0e+05_c3.txt,99a9e4d5cb476c8cb427fc7622e15d19ebfbe924e59fc5a3f5bfb8dfb27725d5,ignored,start_end_velocity_intervals_overlap,997,300,0,21,38,nan,nan,nan,nan,4.091840208e-15,1.1423053914e-14,nan,nan,nan,nan,nan,nan,nan,nan,nan,nan,nan,nan,nan,nan,nan,nan,nan,nan,nan,nan,nan,nan,nan,nan,nan,nan,nan,,,142481.32274313775,0.21147695951865486,142481.32274313775,31604.032223177008,112349.8058212228,31165.666330601394,3.495113511e-15,4.091840208e-15,nan,0,excluded before fitting by velocity-identifiability rules
3,220000.0,traj_unforcedprod_v2.2e+05_c3.txt,3f64e911dbe19ae859291e1311bae0d8bd298d89cbe33a0ac944dde97738897b,ignored,start_end_velocity_intervals_overlap,997,300,0,20,39,nan,nan,nan,nan,3.75075063e-15,1.1835701988e-14,nan,nan,nan,nan,nan,nan,nan,nan,nan,nan,nan,nan,nan,nan,nan,nan,nan,nan,nan,nan,nan,nan,nan,nan,nan,nan,nan,,,256474.32852686336,0.2006628014029993,256474.32852686336,31636.273829746482,205009.47127670978,31074.385785727616,3.417350574e-15,3.75075063e-15,nan,0,excluded before fitting by velocity-identifiability rules
3,460000.0,traj_unforcedprod_v4.6e+05_c3.txt,1a3e229c135881ed46f4f55665da3073c09e5beafde78f935df89c887a7ceb75,review,correlated_residuals,997,300,28,20,48,496778.35310150444,1832.5814416104606,5.817517168772219e-14,1.7632045798297529e-15,3.8177979360000005e-15,1.7895927825000002e-14,4891.8097923512705,0.7131858133631093,0.027430223590888817,0.9775203888278211,0.9105793296871594,496778.35310150444,1832.5814416104606,5.817517168772219e-14,1.7632045798297529e-15,4891.8097923512705,0.7131858133631093,0.027430223590888817,0.9775203888278211,inf,inf,496756.8129656712,2554.3467433063397,5.8244571243502415e-12,5.599376295210002e-10,0.989999999999992,0.9624367418209387,-99.99999999991958,9624.367418193908,4899.115347441334,0.7153067833575237,0.02861227133430095,0.9774531954272183,exponential,"power fit rejected as invalid, boundary-limited, undersampled, or poorly constrained",499017.6526257098,0.1969693145366589,499017.6526257098,31637.515974202575,400726.48764633114,30211.931432714362,3.18149828e-15,3.8177979360000005e-15,4891.8097923512705,1,exponential: `ftol` termination condition is satisfied.; power: Both `ftol` and `xtol` termination conditions are satisfied.
3,1000000.0,traj_unforcedprod_v1.0e+06_c3.txt,2f548eaccfed684e0fc121f8538f92ff0b37bfd86e6c631d9f013864def6320a,review,correlated_residuals,997,300,39,14,53,1036849.7328849828,2009.8121516400006,7.854532273755241e-14,1.3763047959850913e-15,1.882462556e-15,2.0055466462e-14,6776.381443445769,1.8108791192776932,0.048942678899397116,0.9889942628705923,0.9511770600280144,1036849.7328849828,2009.8121516400006,7.854532273755241e-14,1.3763047959850913e-15,6776.381443445769,1.8108791192776932,0.048942678899397116,0.9889942628705923,inf,inf,1036812.8053423926,2790.4329732106557,7.863193336924655e-12,4.6009158542739196e-10,0.9899999999999956,0.5857381155832488,-99.99999999995599,5857.381155827333,6790.875057254816,1.8185996302663172,0.05051665639628659,0.9889471334427485,exponential,"power fit rejected as invalid, boundary-limited, undersampled, or poorly constrained",1035686.004272508,0.20143594895371153,1035686.004272508,31795.30413742842,827061.6111837976,31159.764905625012,1.520450526e-15,1.882462556e-15,6776.381443445769,1,exponential: `ftol` termination condition is satisfied.; power: `xtol` termination condition is satisfied.
3,2200000.0,traj_unforcedprod_v2.2e+06_c3.txt,3e3f12ea27b9dbac4945727474c240855cbaa9c21e2680424af0fb2dfbac5a4a,review,correlated_residuals,997,300,41,14,55,2199366.8400016758,890.8312798709087,7.266013538786279e-14,2.6502855978882356e-16,1.6382454119999998e-15,1.8384754067999998e-14,2258.9096413551847,0.2119599104218944,0.005577892379523537,0.9997262575126734,0.8217171674905666,2199366.8400016758,890.8312798709087,7.266013538786279e-14,2.6502855978882356e-16,3113.0575565150757,0.40027763024350654,0.010263528980602732,0.9994801012280127,3.2047975361884545e+31,3.1109483643147908e+32,2195973.3585230415,873.509642537911,1.503469328102196e-13,2.4652111503809494e-14,0.49043009850672603,0.08819559990022162,-1.962439298454521,0.33965607208700305,2258.9096413551847,0.2119599104218944,0.005577892379523537,0.9997262575126734,power,power RMSE is 27.4% lower and power parameters are constrained,2189612.676823141,0.20285538099978373,2189612.676823141,31844.087746992845,1745437.9630242265,30083.732884090692,1.2741908759999999e-15,1.6382454119999998e-15,2258.9096413551847,1,exponential: Both `ftol` and `xtol` termination conditions are satisfied.; power: `ftol` termination condition is satisfied.
3,4600000.0,traj_unforcedprod_v4.6e+06_c3.txt,ba1a5ff268aa9e849cc2d9c8be74ae167fc7d1f0e97500832234b0586af130ea,review,correlated_residuals,997,300,48,14,62,4683544.222427259,1648.2321261034601,7.533096410617203e-14,2.5604333829168005e-16,1.30442667e-15,1.8396914069999998e-14,6421.264029509219,1.8815102296401816,0.04090239629652569,0.9994942248857572,0.9514576312208809,4683544.222427259,1648.2321261034601,7.533096410617203e-14,2.5604333829168005e-16,6421.264029509219,1.8815102296401816,0.04090239629652569,0.9994942248857572,inf,inf,4683411.699535489,2250.333218321894,7.540732016650856e-12,8.712982592701975e-11,0.9899999999980793,0.11566190549731394,-99.99999998079336,1156.6190545288441,6466.471708434303,1.9076475207071764,0.04239216712682614,0.9994870781909919,exponential,"power fit rejected as invalid, boundary-limited, undersampled, or poorly constrained",4675190.651510852,0.20062988350943722,4675190.651510852,31771.152070170738,3737207.6957138204,33530.800394087484,9.8956506e-16,1.30442667e-15,6421.264029509219,1,exponential: Both `ftol` and `xtol` termination conditions are satisfied.; power: `ftol` termination condition is satisfied.
3,10000000.0,traj_unforcedprod_v1.0e+07_c3.txt,efb52188148e875668b2474680d655624efbda002874172e12148081dd9322f0,review,correlated_residuals,998,300,71,16,87,10062537.440959092,2788.641345946497,9.552823291059238e-14,2.919393865940695e-16,9.242672960000001e-16,2.2413481928000003e-14,8262.534822084688,3.1636963715496367,0.046524946640435834,0.9998166640549777,0.9374000844793178,10062537.440959092,2788.641345946497,9.552823291059238e-14,2.919393865940695e-16,14294.025724891997,10.881430331143413,0.15770188885715092,0.999451306096751,1.4914127519738957e+25,4.715688573509741e+25,10046836.93447209,1931.5472903745028,1.4437278738372217e-13,1.052785283497912e-14,0.29337334531341586,0.0551388030908046,-1.4151744678291793,0.11042751614765656,8262.534822084688,3.1636963715496367,0.046524946640435834,0.9998166640549777,power,power RMSE is 42.2% lower and power parameters are constrained,10030578.950413102,0.19980338344466142,10030578.950413102,31604.757360694704,8026435.338211764,45219.6917820676,6.64317119e-16,9.242672960000001e-16,8262.534822084688,1,exponential: Both `ftol` and `xtol` termination conditions are satisfied.; power: `ftol` termination condition is satisfied.
3,22000000.0,traj_unforcedprod_v2.2e+07_c3.txt,01531a90f6d0b6eaecb2c149996a59f7f140d085ad92d35c5edcbe3a3b07ee7c,review,correlated_residuals,998,300,151,18,169,21600182.35951586,4451.136353849422,2.1751360032468571e-13,7.084657280171783e-16,6.523632e-16,4.723109568e-14,14435.378849057226,11.098754726998893,0.07499158599323576,0.999871518907505,0.9444570072066159,21600182.35951586,4451.136353849422,2.1751360032468571e-13,7.084657280171783e-16,52902.11145378183,106.45871527161069,0.7144880219571187,0.9982744447844542,1.1454211413018856e+17,6.787447071654446e+16,21565469.59160859,1709.5442330392596,1.839918156051723e-13,4.505571438053778e-15,-0.30950451172961846,0.03574244490644453,-0.7636476171274744,0.02084348136156105,14435.378849057226,11.098754726998893,0.07499158599323576,0.999871518907505,power,power RMSE is 72.7% lower and power parameters are constrained,21561141.08776763,0.19920929523470232,21561141.08776763,31355.672611716374,17265961.36721746,84440.4841738672,3.7510884e-16,6.523632e-16,14435.378849057226,1,exponential: `ftol` termination condition is satisfied.; power: `ftol` termination condition is satisfied.
3,46000000.0,traj_unforcedprod_v4.6e+07_c3.txt,167317a0ff6077664342de00170480ceeff7cb83d86411d3ccb498621e50b6f3,review,correlated_residuals,997,300,441,36,477,46502365.115141116,6599.504787003257,9.191849959388346e-13,2.931322612266201e-15,1.2539453344999999e-15,1.893625769905e-13,21059.477040967857,46.98692724299664,0.10727608959588275,0.9999393725367373,0.9513211347674393,46502365.115141116,6599.504787003257,9.191849959388346e-13,2.931322612266201e-15,205480.80946897325,1546.4446052449048,3.5226528593278013,0.9942281269791408,13451531190193.72,1310235644411.1326,46420634.30968893,1309.2911470935544,4.745757022407119e-13,3.1918703351605082e-15,-1.256235381686495,0.018004560318584995,-0.4432161680101471,0.00353682612013023,21059.477040967857,46.98692724299664,0.10727608959588275,0.9999393725367373,power,power RMSE is 89.8% lower and power parameters are constrained,46411290.88837561,0.19969271416751844,46411290.88837561,32332.366457984834,37143294.242857665,154490.9226434307,1.85146291e-16,1.2539453344999999e-15,21059.477040967857,1,exponential: Both `ftol` and `xtol` termination conditions are satisfied.; power: `xtol` termination condition is satisfied.
3,100000000.0,traj_unforcedprod_v1.0e+08_c3.txt,bef11b1665d97b5cac080dd3b80bec524f0e74f70764e5743a34c7728ea34c89,review,correlated_residuals,997,300,884,113,997,99973444.94388841,817.5253429895102,6.289481570006557e-12,3.2970135424196802e-15,5.5082855764999995e-15,4.0844946921449997e-13,21042.868734972726,49.927524847783914,0.05667142434481716,0.999870414829184,0.9790588090797818,99973444.94388841,817.5253429895102,6.289481570006557e-12,3.2970135424196802e-15,26626.414844819734,85.0276766408948,0.09640326149761315,0.9997925225977907,4.420107209088706e+17,3.789443599873425e+17,99963156.73503637,749.0006081969442,5.533362700022577e-12,2.1604879022863744e-13,-0.16706262096800462,0.04680741527761836,-0.8568520506385195,0.03436579069977395,21042.868734972726,49.927524847783914,0.05667142434481716,0.999870414829184,power,power RMSE is 21.0% lower and power parameters are constrained,99942198.46501912,0.06300867092604301,99942198.46501912,34832.915413788156,93644973.37031145,154131.31380232685,9.0637459e-17,5.5082855764999995e-15,21042.868734972726,1,exponential: Both `ftol` and `xtol` termination conditions are satisfied.; power: `ftol` termination condition is satisfied.
