base_dphires,base_rhores,base_vres,bmax_over_aH,condition,density_g_cc,dphires,force_n,relative_error_vs_largest_bmax,resolution_scale_factor,resolution_scale_per_decade,resolution_scale_reference_bmax_over_aH,rhores,temperature_K,velocity_cm_s,velocity_index,velocity_m_s,vres
360,360,101,0.1,0,1e-05,360,4.7264281345238445e-15,0.881132696542212,1.0,1.5,0.1,360,5000.0,100000.0,0,1000.0,101
360,360,101,0.1,0,1e-05,360,7.448390166192173e-15,0.8803997855001983,1.0,1.5,0.1,360,5000.0,158489.3192461114,1,1584.893192461114,101
360,360,101,0.1,0,1e-05,360,1.163721950386849e-14,0.878551548894768,1.0,1.5,0.1,360,5000.0,251188.6431509582,2,2511.886431509582,101
360,360,101,0.1,0,1e-05,360,1.779638020742319e-14,0.8738271413837978,1.0,1.5,0.1,360,5000.0,398107.1705534969,3,3981.071705534969,101
360,360,101,0.1,0,1e-05,360,2.581705220851546e-14,0.8614609962291421,1.0,1.5,0.1,360,5000.0,630957.344480193,4,6309.57344480193,101
360,360,101,0.1,0,1e-05,360,3.3045336111407376e-14,0.8275136968383012,1.0,1.5,0.1,360,5000.0,1000000.0,5,10000.0,101
360,360,101,0.1,0,1e-05,360,3.2444912471881224e-14,0.7317068286544733,1.0,1.5,0.1,360,5000.0,1584893.1924611141,6,15848.93192461114,101
360,360,101,0.1,0,1e-05,360,2.1512451729140536e-14,0.5504716989141613,1.0,1.5,0.1,360,5000.0,2511886.4315095823,7,25118.864315095823,101
360,360,101,0.1,0,1e-05,360,1.1086964119544273e-14,0.4325152323333691,1.0,1.5,0.1,360,5000.0,3981071.705534969,8,39810.71705534969,101
360,360,101,0.1,0,1e-05,360,5.348941381876174e-15,0.3696338310592969,1.0,1.5,0.1,360,5000.0,6309573.444801929,9,63095.73444801929,101
360,360,101,0.1,0,1e-05,360,2.5077946132260353e-15,0.32536182700750194,1.0,1.5,0.1,360,5000.0,10000000.0,10,100000.0,101
360,360,101,0.1,0,1e-05,360,1.1514511436528226e-15,0.27938326676544983,1.0,1.5,0.1,360,5000.0,15848931.924611142,11,158489.3192461114,101
360,360,101,0.1,0,1e-05,360,5.199655453492994e-16,0.22082718827065995,1.0,1.5,0.1,360,5000.0,25118864.315095823,12,251188.64315095823,101
360,360,101,0.1,0,1e-05,360,2.316686142360466e-16,0.22979787757689346,1.0,1.5,0.1,360,5000.0,39810717.05534969,13,398107.1705534969,101
360,360,101,0.1,0,1e-05,360,1.0210527930490468e-16,0.5009769373547396,1.0,1.5,0.1,360,5000.0,63095734.44801943,14,630957.3444801943,101
360,360,101,0.1,0,1e-05,360,4.4616786788593037e-17,0.848425523220805,1.0,1.5,0.1,360,5000.0,100000000.0,15,1000000.0,101
360,360,101,1.0,0,1e-05,540,2.659700502712044e-14,0.33109862719926086,1.5,1.5,0.1,540,5000.0,100000.0,0,1000.0,152
360,360,101,1.0,0,1e-05,540,4.170601841976005e-14,0.3303185470094654,1.5,1.5,0.1,540,5000.0,158489.3192461114,1,1584.893192461114,152
360,360,101,1.0,0,1e-05,540,6.435709533054903e-14,0.32835592360110705,1.5,1.5,0.1,540,5000.0,251188.6431509582,2,2511.886431509582,152
360,360,101,1.0,0,1e-05,540,9.542956500090652e-14,0.32342302915945276,1.5,1.5,0.1,540,5000.0,398107.1705534969,3,3981.071705534969,152
360,360,101,1.0,0,1e-05,540,1.2839635865911194e-13,0.31100175679344244,1.5,1.5,0.1,540,5000.0,630957.344480193,4,6309.57344480193,152
360,360,101,1.0,0,1e-05,540,1.379372884440897e-13,0.28001056271124597,1.5,1.5,0.1,540,5000.0,1000000.0,5,10000.0,152
360,360,101,1.0,0,1e-05,540,9.553310644436771e-14,0.2100185161953359,1.5,1.5,0.1,540,5000.0,1584893.1924611141,6,15848.93192461114,152
360,360,101,1.0,0,1e-05,540,4.1844523170508966e-14,0.12560884982227843,1.5,1.5,0.1,540,5000.0,2511886.4315095823,7,25118.864315095823,152
360,360,101,1.0,0,1e-05,540,1.7655820505083015e-14,0.09628920151113297,1.5,1.5,0.1,540,5000.0,3981071.705534969,8,39810.71705534969,152
360,360,101,1.0,0,1e-05,540,7.782005690256089e-15,0.08290019212720488,1.5,1.5,0.1,540,5000.0,6309573.444801929,9,63095.73444801929,152
360,360,101,1.0,0,1e-05,540,3.4494597304464814e-15,0.07203835669541847,1.5,1.5,0.1,540,5000.0,10000000.0,10,100000.0,152
360,360,101,1.0,0,1e-05,540,1.522130657882721e-15,0.04739959807593501,1.5,1.5,0.1,540,5000.0,15848931.924611142,11,158489.3192461114,152
360,360,101,1.0,0,1e-05,540,6.669832830316855e-16,0.0005198523930142359,1.5,1.5,0.1,540,5000.0,25118864.315095823,12,251188.64315095823,152
360,360,101,1.0,0,1e-05,540,2.902493954931479e-16,0.035041059929374486,1.5,1.5,0.1,540,5000.0,39810717.05534969,13,398107.1705534969,152
360,360,101,1.0,0,1e-05,540,1.2558013743557273e-16,0.3862473594203081,1.5,1.5,0.1,540,5000.0,63095734.44801943,14,630957.3444801943,152
360,360,101,1.0,0,1e-05,540,5.413392019663625e-17,0.8160934208756232,1.5,1.5,0.1,540,5000.0,100000000.0,15,1000000.0,152
360,360,101,10.0,0,1e-05,810,3.9759373818353415e-14,7.16358223090134e-05,2.25,1.5,0.1,810,5000.0,100000.0,0,1000.0,228
360,360,101,10.0,0,1e-05,810,6.22729221974802e-14,7.186973723613249e-05,2.25,1.5,0.1,810,5000.0,158489.3192461114,1,1584.893192461114,228
360,360,101,10.0,0,1e-05,810,9.581344346730468e-14,7.09103841650176e-05,2.25,1.5,0.1,810,5000.0,251188.6431509582,2,2511.886431509582,228
360,360,101,10.0,0,1e-05,810,1.4103773370401021e-13,7.002397246042199e-05,2.25,1.5,0.1,810,5000.0,398107.1705534969,3,3981.071705534969,228
360,360,101,10.0,0,1e-05,810,1.863400105286908e-13,6.55685709506671e-05,2.25,1.5,0.1,810,5000.0,630957.344480193,4,6309.57344480193,228
360,360,101,10.0,0,1e-05,810,1.9157159113787043e-13,5.6303413752044134e-05,2.25,1.5,0.1,810,5000.0,1000000.0,5,10000.0,228
360,360,101,10.0,0,1e-05,810,1.2092662891803944e-13,3.4634068984698265e-05,2.25,1.5,0.1,810,5000.0,1584893.1924611141,6,15848.93192461114,228
360,360,101,10.0,0,1e-05,810,4.7852838912240315e-14,5.793625024827714e-05,2.25,1.5,0.1,810,5000.0,2511886.4315095823,7,25118.864315095823,228
360,360,101,10.0,0,1e-05,810,1.9537183426782967e-14,8.106661394669682e-06,2.25,1.5,0.1,810,5000.0,3981071.705534969,8,39810.71705534969,228
360,360,101,10.0,0,1e-05,810,8.485899793311682e-15,5.286295515842358e-05,2.25,1.5,0.1,810,5000.0,6309573.444801929,9,63095.73444801929,228
360,360,101,10.0,0,1e-05,810,3.7236616929073665e-15,0.0017265002868688786,2.25,1.5,0.1,810,5000.0,10000000.0,10,100000.0,228
360,360,101,10.0,0,1e-05,810,1.6306386278972852e-15,0.020508327772965674,2.25,1.5,0.1,810,5000.0,15848931.924611142,11,158489.3192461114,228
360,360,101,10.0,0,1e-05,810,7.103466108944835e-16,0.06446046485877589,2.25,1.5,0.1,810,5000.0,25118864.315095823,12,251188.64315095823,228
360,360,101,10.0,0,1e-05,810,3.078111934911781e-16,0.023344639558890944,2.25,1.5,0.1,810,5000.0,39810717.05534969,13,398107.1705534969,228
360,360,101,10.0,0,1e-05,810,1.3290096346993833e-16,0.3504680044875138,2.25,1.5,0.1,810,5000.0,63095734.44801943,14,630957.3444801943,228
360,360,101,10.0,0,1e-05,810,5.740667304160269e-17,0.8049750540946644,2.25,1.5,0.1,810,5000.0,100000000.0,15,1000000.0,228
360,360,101,100.0,0,1e-05,1215,3.9762235264661705e-14,3.281210695264354e-07,3.375,1.5,0.1,1215,5000.0,100000.0,0,1000.0,341
360,360,101,100.0,0,1e-05,1215,6.227744359912335e-14,7.31267047364307e-07,3.375,1.5,0.1,1215,5000.0,158489.3192461114,1,1584.893192461114,341
360,360,101,100.0,0,1e-05,1215,9.582035176480921e-14,1.1860501611309902e-06,3.375,1.5,0.1,1215,5000.0,251188.6431509582,2,2511.886431509582,341
360,360,101,100.0,0,1e-05,1215,1.4104770783565404e-13,6.906721497990747e-07,3.375,1.5,0.1,1215,5000.0,398107.1705534969,3,3981.071705534969,341
360,360,101,100.0,0,1e-05,1215,1.8635245844984934e-13,1.229240913937476e-06,3.375,1.5,0.1,1215,5000.0,630957.344480193,4,6309.57344480193,341
360,360,101,100.0,0,1e-05,1215,1.9158270906251985e-13,1.7286702656358474e-06,3.375,1.5,0.1,1215,5000.0,1000000.0,5,10000.0,341
360,360,101,100.0,0,1e-05,1215,1.2093098311322012e-13,1.3716016946526466e-06,3.375,1.5,0.1,1215,5000.0,1584893.1924611141,6,15848.93192461114,341
360,360,101,100.0,0,1e-05,1215,4.785488911939119e-14,1.509472995057713e-05,3.375,1.5,0.1,1215,5000.0,2511886.4315095823,7,25118.864315095823,341
360,360,101,100.0,0,1e-05,1215,1.953715794024069e-14,6.80213615519861e-06,3.375,1.5,0.1,1215,5000.0,3981071.705534969,8,39810.71705534969,341
360,360,101,100.0,0,1e-05,1215,8.485708860992876e-15,3.036181600950498e-05,3.375,1.5,0.1,1215,5000.0,6309573.444801929,9,63095.73444801929,341
360,360,101,100.0,0,1e-05,1215,3.723415569647319e-15,0.0016602890646206494,3.375,1.5,0.1,1215,5000.0,10000000.0,10,100000.0,341
360,360,101,100.0,0,1e-05,1215,1.630383808956532e-15,0.02034885353590053,3.375,1.5,0.1,1215,5000.0,15848931.924611142,11,158489.3192461114,341
360,360,101,100.0,0,1e-05,1215,7.101199553929947e-16,0.06412081965349546,3.375,1.5,0.1,1215,5000.0,25118864.315095823,12,251188.64315095823,341
360,360,101,100.0,0,1e-05,1215,3.076746310478394e-16,0.022890626035956048,3.375,1.5,0.1,1215,5000.0,39810717.05534969,13,398107.1705534969,341
360,360,101,100.0,0,1e-05,1215,1.3299308323120598e-16,0.3500177840316189,3.375,1.5,0.1,1215,5000.0,63095734.44801943,14,630957.3444801943,341
360,360,101,100.0,0,1e-05,1215,5.801963849195388e-17,0.8028926558739915,3.375,1.5,0.1,1215,5000.0,100000000.0,15,1000000.0,341
360,360,101,1000.0,0,1e-05,1823,3.9762231676431624e-14,2.3787887779500423e-07,5.0625,1.5,0.1,1823,5000.0,100000.0,0,1000.0,512
360,360,101,1000.0,0,1e-05,1823,6.227742790888159e-14,4.793258576435008e-07,5.0625,1.5,0.1,1823,5000.0,158489.3192461114,1,1584.893192461114,512
360,360,101,1000.0,0,1e-05,1823,9.582029306896933e-14,5.734881279499799e-07,5.0625,1.5,0.1,1823,5000.0,251188.6431509582,2,2511.886431509582,512
360,360,101,1000.0,0,1e-05,1823,1.410476208317731e-13,7.383163278480151e-08,5.0625,1.5,0.1,1823,5000.0,398107.1705534969,3,3981.071705534969,512
360,360,101,1000.0,0,1e-05,1823,1.8635229084347607e-13,3.2983459166746986e-07,5.0625,1.5,0.1,1823,5000.0,630957.344480193,4,6309.57344480193,512
360,360,101,1000.0,0,1e-05,1823,1.9158244470010445e-13,3.487812678792897e-07,5.0625,1.5,0.1,1823,5000.0,1000000.0,5,10000.0,512
360,360,101,1000.0,0,1e-05,1823,1.2093102470885008e-13,1.7155638947219535e-06,5.0625,1.5,0.1,1823,5000.0,1584893.1924611141,6,15848.93192461114,512
360,360,101,1000.0,0,1e-05,1823,4.785563946320072e-14,5.845976395602448e-07,5.0625,1.5,0.1,1823,5000.0,2511886.4315095823,7,25118.864315095823,512
360,360,101,1000.0,0,1e-05,1823,1.9536866127588647e-14,8.134255201445212e-06,5.0625,1.5,0.1,1823,5000.0,3981071.705534969,8,39810.71705534969,512
360,360,101,1000.0,0,1e-05,1823,8.485459991336777e-15,1.0328328555623233e-06,5.0625,1.5,0.1,1823,5000.0,6309573.444801929,9,63095.73444801929,512
360,360,101,1000.0,0,1e-05,1823,3.723274257256878e-15,0.0016222736974905259,5.0625,1.5,0.1,1823,5000.0,10000000.0,10,100000.0,512
360,360,101,1000.0,0,1e-05,1823,1.6304986595184618e-15,0.02042073086843362,5.0625,1.5,0.1,1823,5000.0,15848931.924611142,11,158489.3192461114,512
360,360,101,1000.0,0,1e-05,1823,7.10687971659968e-16,0.06497199688207181,5.0625,1.5,0.1,1823,5000.0,25118864.315095823,12,251188.64315095823,512
360,360,101,1000.0,0,1e-05,1823,3.0817473247794677e-16,0.024553256013545858,5.0625,1.5,0.1,1823,5000.0,39810717.05534969,13,398107.1705534969,512
360,360,101,1000.0,0,1e-05,1823,1.3455802385729817e-16,0.34236938945881246,5.0625,1.5,0.1,1823,5000.0,63095734.44801943,14,630957.3444801943,512
360,360,101,1000.0,0,1e-05,1823,7.041880644070156e-17,0.7607695553639994,5.0625,1.5,0.1,1823,5000.0,100000000.0,15,1000000.0,512
360,360,101,10000.0,0,1e-05,2734,3.9762222217838824e-14,0.0,7.59375,1.5,0.1,2734,5000.0,100000.0,0,1000.0,767
360,360,101,10000.0,0,1e-05,2734,6.227739805771435e-14,0.0,7.59375,1.5,0.1,2734,5000.0,158489.3192461114,1,1584.893192461114,767
360,360,101,10000.0,0,1e-05,2734,9.582023811720036e-14,0.0,7.59375,1.5,0.1,2734,5000.0,251188.6431509582,2,2511.886431509582,767
360,360,101,10000.0,0,1e-05,2734,1.4104761041799773e-13,0.0,7.59375,1.5,0.1,2734,5000.0,398107.1705534969,3,3981.071705534969,767
360,360,101,10000.0,0,1e-05,2734,1.8635222937806459e-13,0.0,7.59375,1.5,0.1,2734,5000.0,630957.344480193,4,6309.57344480193,767
360,360,101,10000.0,0,1e-05,2734,1.915823778797598e-13,0.0,7.59375,1.5,0.1,2734,5000.0,1000000.0,5,10000.0,767
360,360,101,10000.0,0,1e-05,2734,1.2093081724430625e-13,0.0,7.59375,1.5,0.1,2734,5000.0,1584893.1924611141,6,15848.93192461114,767
360,360,101,10000.0,0,1e-05,2734,4.7855611486923206e-14,0.0,7.59375,1.5,0.1,2734,5000.0,2511886.4315095823,7,25118.864315095823,767
360,360,101,10000.0,0,1e-05,2734,1.9537025046736254e-14,0.0,7.59375,1.5,0.1,2734,5000.0,3981071.705534969,8,39810.71705534969,767
360,360,101,10000.0,0,1e-05,2734,8.485451227283955e-15,0.0,7.59375,1.5,0.1,2734,5000.0,6309573.444801929,9,63095.73444801929,767
360,360,101,10000.0,0,1e-05,2734,3.717243870298934e-15,0.0,7.59375,1.5,0.1,2734,5000.0,10000000.0,10,100000.0,767
360,360,101,10000.0,0,1e-05,2734,1.5978690065722387e-15,0.0,7.59375,1.5,0.1,2734,5000.0,15848931.924611142,11,158489.3192461114,767
360,360,101,10000.0,0,1e-05,2734,6.673301962311269e-16,0.0,7.59375,1.5,0.1,2734,5000.0,25118864.315095823,12,251188.64315095823,767
360,360,101,10000.0,0,1e-05,2734,3.007893739726423e-16,0.0,7.59375,1.5,0.1,2734,5000.0,39810717.05534969,13,398107.1705534969,767
360,360,101,10000.0,0,1e-05,2734,2.046103415815234e-16,0.0,7.59375,1.5,0.1,2734,5000.0,63095734.44801943,14,630957.3444801943,767
360,360,101,10000.0,0,1e-05,2734,2.943555388522845e-16,0.0,7.59375,1.5,0.1,2734,5000.0,100000000.0,15,1000000.0,767
360,360,101,0.1,1,1.0,360,1.7187270336268475e-12,0.9924099758700929,1.0,1.5,0.1,360,5000.0,100000.0,0,1000.0,101
360,360,101,0.1,1,1.0,360,2.740515659878134e-12,0.9923771500677204,1.0,1.5,0.1,360,5000.0,158489.3192461114,1,1584.893192461114,101
360,360,101,0.1,1,1.0,360,4.405968499467978e-12,0.9923003782324957,1.0,1.5,0.1,360,5000.0,251188.6431509582,2,2511.886431509582,101
360,360,101,0.1,1,1.0,360,7.2290434518215414e-12,0.992110815099049,1.0,1.5,0.1,360,5000.0,398107.1705534969,3,3981.071705534969,101
360,360,101,0.1,1,1.0,360,1.2400647522585594e-11,0.9916575218641694,1.0,1.5,0.1,360,5000.0,630957.344480193,4,6309.57344480193,101
360,360,101,0.1,1,1.0,360,2.309747302277912e-11,0.9906314657887707,1.0,1.5,0.1,360,5000.0,1000000.0,5,10000.0,101
360,360,101,0.1,1,1.0,360,4.804456055474642e-11,0.9884883176542943,1.0,1.5,0.1,360,5000.0,1584893.1924611141,6,15848.93192461114,101
360,360,101,0.1,1,1.0,360,1.0955911882120168e-10,0.9843120421655037,1.0,1.5,0.1,360,5000.0,2511886.4315095823,7,25118.864315095823,101
360,360,101,0.1,1,1.0,360,2.6103074082418815e-10,0.9763902371589046,1.0,1.5,0.1,360,5000.0,3981071.705534969,8,39810.71705534969,101
360,360,101,0.1,1,1.0,360,6.233956724179348e-10,0.9610938122045393,1.0,1.5,0.1,360,5000.0,6309573.444801929,9,63095.73444801929,101
360,360,101,0.1,1,1.0,360,1.4306423748385737e-09,0.9305294086956153,1.0,1.5,0.1,360,5000.0,10000000.0,10,100000.0,101
360,360,101,0.1,1,1.0,360,2.951661831446711e-09,0.8696275173466949,1.0,1.5,0.1,360,5000.0,15848931.924611142,11,158489.3192461114,101
360,360,101,0.1,1,1.0,360,4.931610637609249e-09,0.7605303963984826,1.0,1.5,0.1,360,5000.0,25118864.315095823,12,251188.64315095823,101
360,360,101,0.1,1,1.0,360,6.00996245867395e-09,0.6079075586248955,1.0,1.5,0.1,360,5000.0,39810717.05534969,13,398107.1705534969,101
360,360,101,0.1,1,1.0,360,5.23112874661588e-09,0.4538878322864556,1.0,1.5,0.1,360,5000.0,63095734.44801943,14,630957.3444801943,101
360,360,101,0.1,1,1.0,360,3.5037573639004777e-09,0.33609947144699703,1.0,1.5,0.1,360,5000.0,100000000.0,15,1000000.0,101
360,360,101,1.0,1,1.0,540,1.425800394400384e-10,0.37035613065946715,1.5,1.5,0.1,540,5000.0,100000.0,0,1000.0,152
360,360,101,1.0,1,1.0,540,2.2690548343541108e-10,0.3688536524850845,1.5,1.5,0.1,540,5000.0,158489.3192461114,1,1584.893192461114,152
360,360,101,1.0,1,1.0,540,3.633122959619109e-10,0.3650959459360543,1.5,1.5,0.1,540,5000.0,251188.6431509582,2,2511.886431509582,152
360,360,101,1.0,1,1.0,540,5.9000467114504e-10,0.35611731011034997,1.5,1.5,0.1,540,5000.0,398107.1705534969,3,3981.071705534969,152
360,360,101,1.0,1,1.0,540,9.878801435694377e-10,0.3354082128744579,1.5,1.5,0.1,540,5000.0,630957.344480193,4,6309.57344480193,152
360,360,101,1.0,1,1.0,540,1.7435310142870596e-09,0.29280878736914295,1.5,1.5,0.1,540,5000.0,1000000.0,5,10000.0,152
360,360,101,1.0,1,1.0,540,3.2474082780743213e-09,0.2219070772557373,1.5,1.5,0.1,540,5000.0,1584893.1924611141,6,15848.93192461114,152
360,360,101,1.0,1,1.0,540,6.023127025140027e-09,0.13753812718758138,1.5,1.5,0.1,540,5000.0,2511886.4315095823,7,25118.864315095823,152
360,360,101,1.0,1,1.0,540,1.0265585940326217e-08,0.07149614366980987,1.5,1.5,0.1,540,5000.0,3981071.705534969,8,39810.71705534969,152
360,360,101,1.0,1,1.0,540,1.5465657969348056e-08,0.034786701354539144,1.5,1.5,0.1,540,5000.0,6309573.444801929,9,63095.73444801929,152
360,360,101,1.0,1,1.0,540,2.0237354335889845e-08,0.017293911548471545,1.5,1.5,0.1,540,5000.0,10000000.0,10,100000.0,152
360,360,101,1.0,1,1.0,540,2.2434178612848204e-08,0.009100727297355277,1.5,1.5,0.1,540,5000.0,15848931.924611142,11,158489.3192461114,152
360,360,101,1.0,1,1.0,540,2.0489173126672508e-08,0.005084844016452277,1.5,1.5,0.1,540,5000.0,25118864.315095823,12,251188.64315095823,152
360,360,101,1.0,1,1.0,540,1.5281755040682756e-08,0.0030119682778073386,1.5,1.5,0.1,540,5000.0,39810717.05534969,13,398107.1705534969,152
360,360,101,1.0,1,1.0,540,9.560508453632726e-09,0.001915217736769965,1.5,1.5,0.1,540,5000.0,63095734.44801943,14,630957.3444801943,152
360,360,101,1.0,1,1.0,540,5.2705324226750235e-09,0.001326605197802854,1.5,1.5,0.1,540,5000.0,100000000.0,15,1000000.0,152
360,360,101,10.0,1,1.0,810,2.2644654309990295e-10,4.475774973477951e-06,2.25,1.5,0.1,810,5000.0,100000.0,0,1000.0,228
360,360,101,10.0,1,1.0,810,3.5951060790136897e-10,7.387946601204726e-06,2.25,1.5,0.1,810,5000.0,158489.3192461114,1,1584.893192461114,228
360,360,101,10.0,1,1.0,810,5.722347282806627e-10,5.100019137257666e-06,2.25,1.5,0.1,810,5000.0,251188.6431509582,2,2511.886431509582,228
360,360,101,10.0,1,1.0,810,9.163177409018181e-10,5.998833133126033e-06,2.25,1.5,0.1,810,5000.0,398107.1705534969,3,3981.071705534969,228
360,360,101,10.0,1,1.0,810,1.4864534120663061e-09,4.642298560600089e-06,2.25,1.5,0.1,810,5000.0,630957.344480193,4,6309.57344480193,228
360,360,101,10.0,1,1.0,810,2.465430796477854e-09,1.1280800962143824e-08,2.25,1.5,0.1,810,5000.0,1000000.0,5,10000.0,228
360,360,101,10.0,1,1.0,810,4.173548059248312e-09,2.1691192059390834e-08,2.25,1.5,0.1,810,5000.0,1584893.1924611141,6,15848.93192461114,228
360,360,101,10.0,1,1.0,810,6.98364600793079e-09,2.3076367595020267e-07,2.25,1.5,0.1,810,5000.0,2511886.4315095823,7,25118.864315095823,228
360,360,101,10.0,1,1.0,810,1.1056054202189649e-08,2.9440136126528463e-07,2.25,1.5,0.1,810,5000.0,3981071.705534969,8,39810.71705534969,228
360,360,101,10.0,1,1.0,810,1.6023052485478076e-08,3.4751380113552516e-07,2.25,1.5,0.1,810,5000.0,6309573.444801929,9,63095.73444801929,228
360,360,101,10.0,1,1.0,810,2.0593505293709316e-08,4.298386507364943e-07,2.25,1.5,0.1,810,5000.0,10000000.0,10,100000.0,228
360,360,101,10.0,1,1.0,810,2.2640233910843696e-08,5.662442466341277e-07,2.25,1.5,0.1,810,5000.0,15848931.924611142,11,158489.3192461114,228
360,360,101,10.0,1,1.0,810,2.0593906480542016e-08,8.078279413166787e-07,2.25,1.5,0.1,810,5000.0,25118864.315095823,12,251188.64315095823,228
360,360,101,10.0,1,1.0,810,1.5327941320370437e-08,1.2437489399682156e-06,2.25,1.5,0.1,810,5000.0,39810717.05534969,13,398107.1705534969,228
360,360,101,10.0,1,1.0,810,9.578872706028443e-09,1.9481694890884552e-06,2.25,1.5,0.1,810,5000.0,63095734.44801943,14,630957.3444801943,228
360,360,101,10.0,1,1.0,810,5.2775466800724485e-09,2.4734768612015993e-06,2.25,1.5,0.1,810,5000.0,100000000.0,15,1000000.0,228
360,360,101,100.0,1,1.0,1215,2.2644162380061504e-10,1.7248210026431015e-05,3.375,1.5,0.1,1215,5000.0,100000.0,0,1000.0,341
360,360,101,100.0,1,1.0,1215,3.595118781206079e-10,3.854782831652699e-06,3.375,1.5,0.1,1215,5000.0,158489.3192461114,1,1584.893192461114,341
360,360,101,100.0,1,1.0,1215,5.72236677892917e-10,8.507051428447753e-06,3.375,1.5,0.1,1215,5000.0,251188.6431509582,2,2511.886431509582,341
360,360,101,100.0,1,1.0,1215,9.163205395794163e-10,2.944586025945577e-06,3.375,1.5,0.1,1215,5000.0,398107.1705534969,3,3981.071705534969,341
360,360,101,100.0,1,1.0,1215,1.4864520956619586e-09,3.756693638199168e-06,3.375,1.5,0.1,1215,5000.0,630957.344480193,4,6309.57344480193,341
360,360,101,100.0,1,1.0,1215,2.4654356428830356e-09,1.9544629278726218e-06,3.375,1.5,0.1,1215,5000.0,1000000.0,5,10000.0,341
360,360,101,100.0,1,1.0,1215,4.173546118864879e-09,4.866153678695537e-07,3.375,1.5,0.1,1215,5000.0,1584893.1924611141,6,15848.93192461114,341
360,360,101,100.0,1,1.0,1215,6.9836451926564494e-09,1.1402314708291459e-07,3.375,1.5,0.1,1215,5000.0,2511886.4315095823,7,25118.864315095823,341
360,360,101,100.0,1,1.0,1215,1.1056052480304955e-08,1.3865997571952756e-07,3.375,1.5,0.1,1215,5000.0,3981071.705534969,8,39810.71705534969,341
360,360,101,100.0,1,1.0,1215,1.602304946913756e-08,1.5926368036985656e-07,3.375,1.5,0.1,1215,5000.0,6309573.444801929,9,63095.73444801929,341
360,360,101,100.0,1,1.0,1215,2.0593500385779225e-08,1.9151437661586036e-07,3.375,1.5,0.1,1215,5000.0,10000000.0,10,100000.0,341
360,360,101,100.0,1,1.0,1215,2.2640226625407662e-08,2.4445251128874575e-07,3.375,1.5,0.1,1215,5000.0,15848931.924611142,11,158489.3192461114,341
360,360,101,100.0,1,1.0,1215,2.059389671701339e-08,3.337296188977556e-07,3.375,1.5,0.1,1215,5000.0,25118864.315095823,12,251188.64315095823,341
360,360,101,100.0,1,1.0,1215,1.5327929474554865e-08,4.70923023027404e-07,3.375,1.5,0.1,1215,5000.0,39810717.05534969,13,398107.1705534969,341
360,360,101,100.0,1,1.0,1215,9.578859444834247e-09,5.63745618175041e-07,3.375,1.5,0.1,1215,5000.0,63095734.44801943,14,630957.3444801943,341
360,360,101,100.0,1,1.0,1215,5.277532618268954e-09,1.9098811250812487e-07,3.375,1.5,0.1,1215,5000.0,100000000.0,15,1000000.0,341
360,360,101,1000.0,1,1.0,1823,2.2644515434814045e-10,1.657054255119987e-06,5.0625,1.5,0.1,1823,5000.0,100000.0,0,1000.0,512
360,360,101,1000.0,1,1.0,1823,3.595152500341754e-10,5.52432471584901e-06,5.0625,1.5,0.1,1823,5000.0,158489.3192461114,1,1584.893192461114,512
360,360,101,1000.0,1,1.0,1823,5.722359708103533e-10,7.271393865379814e-06,5.0625,1.5,0.1,1823,5000.0,251188.6431509582,2,2511.886431509582,512
360,360,101,1000.0,1,1.0,1823,9.163195122837429e-10,4.065692237262222e-06,5.0625,1.5,0.1,1823,5000.0,398107.1705534969,3,3981.071705534969,512
360,360,101,1000.0,1,1.0,1823,1.4864470772393461e-09,3.805730892551238e-07,5.0625,1.5,0.1,1823,5000.0,630957.344480193,4,6309.57344480193,512
360,360,101,1000.0,1,1.0,1823,2.4654306924222084e-09,5.348666796800065e-08,5.0625,1.5,0.1,1823,5000.0,1000000.0,5,10000.0,512
360,360,101,1000.0,1,1.0,1823,4.173550327172399e-09,5.217131260486108e-07,5.0625,1.5,0.1,1823,5000.0,1584893.1924611141,6,15848.93192461114,512
360,360,101,1000.0,1,1.0,1823,6.983644670616724e-09,3.92713848433631e-08,5.0625,1.5,0.1,1823,5000.0,2511886.4315095823,7,25118.864315095823,512
360,360,101,1000.0,1,1.0,1823,1.1056051417114104e-08,4.249626799627888e-08,5.0625,1.5,0.1,1823,5000.0,3981071.705534969,8,39810.71705534969,512
360,360,101,1000.0,1,1.0,1823,1.6023047687683798e-08,4.8082968605165936e-08,5.0625,1.5,0.1,1823,5000.0,6309573.444801929,9,63095.73444801929,512
360,360,101,1000.0,1,1.0,1823,2.0593497601928133e-08,5.633329648098848e-08,5.0625,1.5,0.1,1823,5000.0,10000000.0,10,100000.0,512
360,360,101,1000.0,1,1.0,1823,2.264022263548443e-08,6.822087402793309e-08,5.0625,1.5,0.1,1823,5000.0,15848931.924611142,11,158489.3192461114,512
360,360,101,1000.0,1,1.0,1823,2.0593891528727237e-08,8.179634205374868e-08,5.0625,1.5,0.1,1823,5000.0,25118864.315095823,12,251188.64315095823,512
360,360,101,1000.0,1,1.0,1823,1.5327923357563655e-08,7.1847981569043e-08,5.0625,1.5,0.1,1823,5000.0,39810717.05534969,13,398107.1705534969,512
360,360,101,1000.0,1,1.0,1823,9.578852852633329e-09,1.2445788584415367e-07,5.0625,1.5,0.1,1823,5000.0,63095734.44801943,14,630957.3444801943,512
360,360,101,1000.0,1,1.0,1823,5.27752614423098e-09,1.4177046874430331e-06,5.0625,1.5,0.1,1823,5000.0,100000000.0,15,1000000.0,512
360,360,101,10000.0,1,1.0,2734,2.264455295806688e-10,0.0,7.59375,1.5,0.1,2734,5000.0,100000.0,0,1000.0,767
360,360,101,10000.0,1,1.0,2734,3.595132639661656e-10,0.0,7.59375,1.5,0.1,2734,5000.0,158489.3192461114,1,1584.893192461114,767
360,360,101,10000.0,1,1.0,2734,5.722318098874813e-10,0.0,7.59375,1.5,0.1,2734,5000.0,251188.6431509582,2,2511.886431509582,767
360,360,101,10000.0,1,1.0,2734,9.163232377720175e-10,0.0,7.59375,1.5,0.1,2734,5000.0,398107.1705534969,3,3981.071705534969,767
360,360,101,10000.0,1,1.0,2734,1.4864465115378052e-09,0.0,7.59375,1.5,0.1,2734,5000.0,630957.344480193,4,6309.57344480193,767
360,360,101,10000.0,1,1.0,2734,2.4654308242898883e-09,0.0,7.59375,1.5,0.1,2734,5000.0,1000000.0,5,10000.0,767
360,360,101,10000.0,1,1.0,2734,4.173548149777547e-09,0.0,7.59375,1.5,0.1,2734,5000.0,1584893.1924611141,6,15848.93192461114,767
360,360,101,10000.0,1,1.0,2734,6.983644396359337e-09,0.0,7.59375,1.5,0.1,2734,5000.0,2511886.4315095823,7,25118.864315095823,767
360,360,101,10000.0,1,1.0,2734,1.10560509472732e-08,0.0,7.59375,1.5,0.1,2734,5000.0,3981071.705534969,8,39810.71705534969,767
360,360,101,10000.0,1,1.0,2734,1.6023046917248136e-08,0.0,7.59375,1.5,0.1,2734,5000.0,6309573.444801929,9,63095.73444801929,767
360,360,101,10000.0,1,1.0,2734,2.0593496441828592e-08,0.0,7.59375,1.5,0.1,2734,5000.0,10000000.0,10,100000.0,767
360,360,101,10000.0,1,1.0,2734,2.264022109094876e-08,0.0,7.59375,1.5,0.1,2734,5000.0,15848931.924611142,11,158489.3192461114,767
360,360,101,10000.0,1,1.0,2734,2.059388984422238e-08,0.0,7.59375,1.5,0.1,2734,5000.0,25118864.315095823,12,251188.64315095823,767
360,360,101,10000.0,1,1.0,2734,1.532792225628338e-08,0.0,7.59375,1.5,0.1,2734,5000.0,39810717.05534969,13,398107.1705534969,767
360,360,101,10000.0,1,1.0,2734,9.578854044797252e-09,0.0,7.59375,1.5,0.1,2734,5000.0,63095734.44801943,14,630957.3444801943,767
360,360,101,10000.0,1,1.0,2734,5.27753362621514e-09,0.0,7.59375,1.5,0.1,2734,5000.0,100000000.0,15,1000000.0,767
360,360,101,0.1,2,1e-05,360,7.17030730443705e-14,0.9706144933894438,1.0,1.5,0.1,360,100000.0,100000.0,0,1000.0,101
360,360,101,0.1,2,1e-05,360,1.1363387802608661e-13,0.9706008816783565,1.0,1.5,0.1,360,100000.0,158489.3192461114,1,1584.893192461114,101
360,360,101,0.1,2,1e-05,360,1.8006395666668025e-13,0.9705669152667555,1.0,1.5,0.1,360,100000.0,251188.6431509582,2,2511.886431509582,101
360,360,101,0.1,2,1e-05,360,2.8532761658635163e-13,0.9704734249531802,1.0,1.5,0.1,360,100000.0,398107.1705534969,3,3981.071705534969,101
360,360,101,0.1,2,1e-05,360,4.5190738642397055e-13,0.9702433461412598,1.0,1.5,0.1,360,100000.0,630957.344480193,4,6309.57344480193,101
360,360,101,0.1,2,1e-05,360,7.150685957711181e-13,0.9696565411782615,1.0,1.5,0.1,360,100000.0,1000000.0,5,10000.0,101
360,360,101,0.1,2,1e-05,360,1.1283351534921827e-12,0.9681530642181692,1.0,1.5,0.1,360,100000.0,1584893.1924611141,6,15848.93192461114,101
360,360,101,0.1,2,1e-05,360,1.7658106283491154e-12,0.9641784077465189,1.0,1.5,0.1,360,100000.0,2511886.4315095823,7,25118.864315095823,101
360,360,101,0.1,2,1e-05,360,2.6889349374248412e-12,0.9529546721582604,1.0,1.5,0.1,360,100000.0,3981071.705534969,8,39810.71705534969,101
360,360,101,0.1,2,1e-05,360,3.741720431569262e-12,0.9177258922410518,1.0,1.5,0.1,360,100000.0,6309573.444801929,9,63095.73444801929,101
360,360,101,0.1,2,1e-05,360,4.1162157495322625e-12,0.8140939781311897,1.0,1.5,0.1,360,100000.0,10000000.0,10,100000.0,101
360,360,101,0.1,2,1e-05,360,3.172104172039756e-12,0.6618541882481841,1.0,1.5,0.1,360,100000.0,15848931.924611142,11,158489.3192461114,101
360,360,101,0.1,2,1e-05,360,1.8819083015617948e-12,0.5468164468259609,1.0,1.5,0.1,360,100000.0,25118864.315095823,12,251188.64315095823,101
360,360,101,0.1,2,1e-05,360,9.852726452033024e-13,0.46810659020044626,1.0,1.5,0.1,360,100000.0,39810717.05534969,13,398107.1705534969,101
360,360,101,0.1,2,1e-05,360,4.839267117105327e-13,0.41155827572925124,1.0,1.5,0.1,360,100000.0,63095734.44801943,14,630957.3444801943,101
360,360,101,0.1,2,1e-05,360,2.287292929258268e-13,0.36752403451156207,1.0,1.5,0.1,360,100000.0,100000000.0,15,1000000.0,101
360,360,101,1.0,2,1e-05,540,9.385593529388772e-13,0.615357600459915,1.5,1.5,0.1,540,100000.0,100000.0,0,1000.0,152
360,360,101,1.0,2,1e-05,540,1.4869165242174644e-12,0.6153080789881981,1.5,1.5,0.1,540,100000.0,158489.3192461114,1,1584.893192461114,152
360,360,101,1.0,2,1e-05,540,2.354322195560097e-12,0.6151647117276682,1.5,1.5,0.1,540,100000.0,251188.6431509582,2,2511.886431509582,152
360,360,101,1.0,2,1e-05,540,3.722353271730859e-12,0.6147994906925746,1.5,1.5,0.1,540,100000.0,398107.1705534969,3,3981.071705534969,152
360,360,101,1.0,2,1e-05,540,5.8638308064358635e-12,0.6138855242573357,1.5,1.5,0.1,540,100000.0,630957.344480193,4,6309.57344480193,152
360,360,101,1.0,2,1e-05,540,9.153158931492835e-12,0.6115918070390552,1.5,1.5,0.1,540,100000.0,1000000.0,5,10000.0,152
360,360,101,1.0,2,1e-05,540,1.3966011337824654e-11,0.6058133393899408,1.5,1.5,0.1,540,100000.0,1584893.1924611141,6,15848.93192461114,152
360,360,101,1.0,2,1e-05,540,2.0150590276198787e-11,0.5912210420798062,1.5,1.5,0.1,540,100000.0,2511886.4315095823,7,25118.864315095823,152
360,360,101,1.0,2,1e-05,540,2.5469760505117557e-11,0.5543837017635759,1.5,1.5,0.1,540,100000.0,3981071.705534969,8,39810.71705534969,152
360,360,101,1.0,2,1e-05,540,2.430657415325127e-11,0.4655395191305749,1.5,1.5,0.1,540,100000.0,6309573.444801929,9,63095.73444801929,152
360,360,101,1.0,2,1e-05,540,1.516769960176219e-11,0.31496139526088623,1.5,1.5,0.1,540,100000.0,10000000.0,10,100000.0,152
360,360,101,1.0,2,1e-05,540,7.302798435077379e-12,0.22152282177377927,1.5,1.5,0.1,540,100000.0,15848931.924611142,11,158489.3192461114,152
360,360,101,1.0,2,1e-05,540,3.397928392477801e-12,0.1817426698973107,1.5,1.5,0.1,540,100000.0,25118864.315095823,12,251188.64315095823,152
360,360,101,1.0,2,1e-05,540,1.5619591740382404e-12,0.15678589566904413,1.5,1.5,0.1,540,100000.0,39810717.05534969,13,398107.1705534969,152
360,360,101,1.0,2,1e-05,540,7.083330760785508e-13,0.13868623789672507,1.5,1.5,0.1,540,100000.0,63095734.44801943,14,630957.3444801943,152
360,360,101,1.0,2,1e-05,540,3.1710936567557337e-13,0.12313788209836316,1.5,1.5,0.1,540,100000.0,100000000.0,15,1000000.0,152
360,360,101,10.0,2,1e-05,810,2.4238899852952265e-12,0.0066362268451504265,2.25,1.5,0.1,810,100000.0,100000.0,0,1000.0,228
360,360,101,10.0,2,1e-05,810,3.839552726000759e-12,0.006638980780260355,2.25,1.5,0.1,810,100000.0,158489.3192461114,1,1584.893192461114,228
360,360,101,10.0,2,1e-05,810,6.077174831217266e-12,0.006630726897397567,2.25,1.5,0.1,810,100000.0,251188.6431509582,2,2511.886431509582,228
360,360,101,10.0,2,1e-05,810,9.599387915657303e-12,0.006625958306383999,2.25,1.5,0.1,810,100000.0,398107.1705534969,3,3981.071705534969,228
360,360,101,10.0,2,1e-05,810,1.5086444349790233e-11,0.006605964048828456,2.25,1.5,0.1,810,100000.0,630957.344480193,4,6309.57344480193,228
360,360,101,10.0,2,1e-05,810,2.3411394346221092e-11,0.006553099233822591,2.25,1.5,0.1,810,100000.0,1000000.0,5,10000.0,228
360,360,101,10.0,2,1e-05,810,3.5202306945924895e-11,0.006424992424086405,2.25,1.5,0.1,810,100000.0,1584893.1924611141,6,15848.93192461114,228
360,360,101,10.0,2,1e-05,810,4.899354479702203e-11,0.00610702155961869,2.25,1.5,0.1,810,100000.0,2511886.4315095823,7,25118.864315095823,228
360,360,101,10.0,2,1e-05,810,5.6850153900846494e-11,0.005355581165513081,2.25,1.5,0.1,810,100000.0,3981071.705534969,8,39810.71705534969,228
360,360,101,10.0,2,1e-05,810,4.530613433610653e-11,0.0037946857117527022,2.25,1.5,0.1,810,100000.0,6309573.444801929,9,63095.73444801929,228
360,360,101,10.0,2,1e-05,810,2.2099457244606845e-11,0.0018933817374442298,2.25,1.5,0.1,810,100000.0,10000000.0,10,100000.0,228
360,360,101,10.0,2,1e-05,810,9.36953807445332e-12,0.001208697415421238,2.25,1.5,0.1,810,100000.0,15848931.924611142,11,158489.3192461114,228
360,360,101,10.0,2,1e-05,810,4.148566318982079e-12,0.0009810661581224856,2.25,1.5,0.1,810,100000.0,25118864.315095823,12,251188.64315095823,228
360,360,101,10.0,2,1e-05,810,1.850847188898004e-12,0.0008314682097516026,2.25,1.5,0.1,810,100000.0,39810717.05534969,13,398107.1705534969,228
360,360,101,10.0,2,1e-05,810,8.218296351994207e-13,0.0006775077900251394,2.25,1.5,0.1,810,100000.0,63095734.44801943,14,630957.3444801943,228
360,360,101,10.0,2,1e-05,810,3.6208847163142374e-13,0.0012371076650096512,2.25,1.5,0.1,810,100000.0,100000000.0,15,1000000.0,228
360,360,101,100.0,2,1e-05,1215,2.4400894462376797e-12,2.6708533810313647e-06,3.375,1.5,0.1,1215,100000.0,100000.0,0,1000.0,341
360,360,101,100.0,2,1e-05,1215,3.865208374633827e-12,1.405236029419876e-06,3.375,1.5,0.1,1215,100000.0,158489.3192461114,1,1584.893192461114,341
360,360,101,100.0,2,1e-05,1215,6.117738307455713e-12,2.592829864801879e-07,3.375,1.5,0.1,1215,100000.0,251188.6431509582,2,2511.886431509582,341
360,360,101,100.0,2,1e-05,1215,9.663406830691096e-12,1.0850404300102285e-06,3.375,1.5,0.1,1215,100000.0,398107.1705534969,3,3981.071705534969,341
360,360,101,100.0,2,1e-05,1215,1.51867734619299e-11,3.8661412336992864e-07,3.375,1.5,0.1,1215,100000.0,630957.344480193,4,6309.57344480193,341
360,360,101,100.0,2,1e-05,1215,2.3565843217672598e-11,8.355895895437181e-07,3.375,1.5,0.1,1215,100000.0,1000000.0,5,10000.0,341
360,360,101,100.0,2,1e-05,1215,3.542995396552824e-11,2.793507003323599e-07,3.375,1.5,0.1,1215,100000.0,1584893.1924611141,6,15848.93192461114,341
360,360,101,100.0,2,1e-05,1215,4.929463971882764e-11,1.0510419139106683e-06,3.375,1.5,0.1,1215,100000.0,2511886.4315095823,7,25118.864315095823,341
360,360,101,100.0,2,1e-05,1215,5.7156281999742416e-11,4.044233088072535e-07,3.375,1.5,0.1,1215,100000.0,3981071.705534969,8,39810.71705534969,341
360,360,101,100.0,2,1e-05,1215,4.547875365578363e-11,9.21354068078519e-07,3.375,1.5,0.1,1215,100000.0,6309573.444801929,9,63095.73444801929,341
360,360,101,100.0,2,1e-05,1215,2.21413131462193e-11,2.989048142629233e-06,3.375,1.5,0.1,1215,100000.0,10000000.0,10,100000.0,341
360,360,101,100.0,2,1e-05,1215,9.380949543605606e-12,7.763422716698745e-06,3.375,1.5,0.1,1215,100000.0,15848931.924611142,11,158489.3192461114,341
360,360,101,100.0,2,1e-05,1215,4.152704150629298e-12,1.5367752481247187e-05,3.375,1.5,0.1,1215,100000.0,25118864.315095823,12,251188.64315095823,341
360,360,101,100.0,2,1e-05,1215,1.852432461270661e-12,2.4331382228112193e-05,3.375,1.5,0.1,1215,100000.0,39810717.05534969,13,398107.1705534969,341
360,360,101,100.0,2,1e-05,1215,8.224440325684006e-13,6.958270620308437e-05,3.375,1.5,0.1,1215,100000.0,63095734.44801943,14,630957.3444801943,341
360,360,101,100.0,2,1e-05,1215,3.6232371008692224e-13,0.001887582588261711,3.375,1.5,0.1,1215,100000.0,100000000.0,15,1000000.0,341
360,360,101,1000.0,2,1e-05,1823,2.4400883804797527e-12,2.2340821900772713e-06,5.0625,1.5,0.1,1823,100000.0,100000.0,0,1000.0,512
360,360,101,1000.0,2,1e-05,1823,3.865214389358526e-12,1.5088091532931288e-07,5.0625,1.5,0.1,1823,100000.0,158489.3192461114,1,1584.893192461114,512
360,360,101,1000.0,2,1e-05,1823,6.117751318307136e-12,1.867458530703289e-06,5.0625,1.5,0.1,1823,100000.0,251188.6431509582,2,2511.886431509582,512
360,360,101,1000.0,2,1e-05,1823,9.663418747753537e-12,1.4817366508007772e-07,5.0625,1.5,0.1,1823,100000.0,398107.1705534969,3,3981.071705534969,512
360,360,101,1000.0,2,1e-05,1823,1.5186758471822358e-11,6.004364424016853e-07,5.0625,1.5,0.1,1823,100000.0,630957.344480193,4,6309.57344480193,512
360,360,101,1000.0,2,1e-05,1823,2.356583304649155e-11,4.0398230728967897e-07,5.0625,1.5,0.1,1823,100000.0,1000000.0,5,10000.0,512
360,360,101,1000.0,2,1e-05,1823,3.5429948779110184e-11,1.3296553954127202e-07,5.0625,1.5,0.1,1823,100000.0,1584893.1924611141,6,15848.93192461114,512
360,360,101,1000.0,2,1e-05,1823,4.9294602408264e-11,2.941522588496713e-07,5.0625,1.5,0.1,1823,100000.0,2511886.4315095823,7,25118.864315095823,512
360,360,101,1000.0,2,1e-05,1823,5.7156262914814434e-11,7.051538070512922e-08,5.0625,1.5,0.1,1823,100000.0,3981071.705534969,8,39810.71705534969,512
360,360,101,1000.0,2,1e-05,1823,4.5478723733579685e-11,2.634153800247251e-07,5.0625,1.5,0.1,1823,100000.0,6309573.444801929,9,63095.73444801929,512
360,360,101,1000.0,2,1e-05,1823,2.214141779871587e-11,1.7375090885611155e-06,5.0625,1.5,0.1,1823,100000.0,10000000.0,10,100000.0,512
360,360,101,1000.0,2,1e-05,1823,9.380897842114953e-12,2.2520518482030095e-06,5.0625,1.5,0.1,1823,100000.0,15848931.924611142,11,158489.3192461114,512
360,360,101,1000.0,2,1e-05,1823,4.152653004061232e-12,3.0511144019130676e-06,5.0625,1.5,0.1,1823,100000.0,25118864.315095823,12,251188.64315095823,512
360,360,101,1000.0,2,1e-05,1823,1.852382923847345e-12,2.4110926883967556e-06,5.0625,1.5,0.1,1823,100000.0,39810717.05534969,13,398107.1705534969,512
360,360,101,1000.0,2,1e-05,1823,8.223987730895898e-13,1.4548410499820282e-05,5.0625,1.5,0.1,1823,100000.0,63095734.44801943,14,630957.3444801943,512
360,360,101,1000.0,2,1e-05,1823,3.6228919680602726e-13,0.001792147410821166,5.0625,1.5,0.1,1823,100000.0,100000000.0,15,1000000.0,512
360,360,101,10000.0,2,1e-05,2734,2.4400829291339384e-12,0.0,7.59375,1.5,0.1,2734,100000.0,100000.0,0,1000.0,767
360,360,101,10000.0,2,1e-05,2734,3.865213806171529e-12,0.0,7.59375,1.5,0.1,2734,100000.0,158489.3192461114,1,1584.893192461114,767
360,360,101,10000.0,2,1e-05,2734,6.117739893681583e-12,0.0,7.59375,1.5,0.1,2734,100000.0,251188.6431509582,2,2511.886431509582,767
360,360,101,10000.0,2,1e-05,2734,9.663417315889576e-12,0.0,7.59375,1.5,0.1,2734,100000.0,398107.1705534969,3,3981.071705534969,767
360,360,101,10000.0,2,1e-05,2734,1.5186767590511062e-11,0.0,7.59375,1.5,0.1,2734,100000.0,630957.344480193,4,6309.57344480193,767
360,360,101,10000.0,2,1e-05,2734,2.356582352631579e-11,0.0,7.59375,1.5,0.1,2734,100000.0,1000000.0,5,10000.0,767
360,360,101,10000.0,2,1e-05,2734,3.5429944068148555e-11,0.0,7.59375,1.5,0.1,2734,100000.0,1584893.1924611141,6,15848.93192461114,767
360,360,101,10000.0,2,1e-05,2734,4.9294587908149617e-11,0.0,7.59375,1.5,0.1,2734,100000.0,2511886.4315095823,7,25118.864315095823,767
360,360,101,10000.0,2,1e-05,2734,5.715625888441908e-11,0.0,7.59375,1.5,0.1,2734,100000.0,3981071.705534969,8,39810.71705534969,767
360,360,101,10000.0,2,1e-05,2734,4.5478711753787546e-11,0.0,7.59375,1.5,0.1,2734,100000.0,6309573.444801929,9,63095.73444801929,767
360,360,101,10000.0,2,1e-05,2734,2.2141379327868056e-11,0.0,7.59375,1.5,0.1,2734,100000.0,10000000.0,10,100000.0,767
360,360,101,10000.0,2,1e-05,2734,9.380876715894207e-12,0.0,7.59375,1.5,0.1,2734,100000.0,15848931.924611142,11,158489.3192461114,767
360,360,101,10000.0,2,1e-05,2734,4.152640333880503e-12,0.0,7.59375,1.5,0.1,2734,100000.0,25118864.315095823,12,251188.64315095823,767
360,360,101,10000.0,2,1e-05,2734,1.8523873901250375e-12,0.0,7.59375,1.5,0.1,2734,100000.0,39810717.05534969,13,398107.1705534969,767
360,360,101,10000.0,2,1e-05,2734,8.223868086687077e-13,0.0,7.59375,1.5,0.1,2734,100000.0,63095734.44801943,14,630957.3444801943,767
360,360,101,10000.0,2,1e-05,2734,3.616410826760628e-13,0.0,7.59375,1.5,0.1,2734,100000.0,100000000.0,15,1000000.0,767
360,360,101,0.1,3,1.0,360,7.345357807568791e-12,0.9917137279895671,1.0,1.5,0.1,360,100000.0,100000.0,0,1000.0,101
360,360,101,0.1,3,1.0,360,1.164314730118907e-11,0.9917119600605923,1.0,1.5,0.1,360,100000.0,158489.3192461114,1,1584.893192461114,101
360,360,101,0.1,3,1.0,360,1.845842879384843e-11,0.9917074580101651,1.0,1.5,0.1,360,100000.0,251188.6431509582,2,2511.886431509582,101
360,360,101,0.1,3,1.0,360,2.931152508829151e-11,0.9916864373711554,1.0,1.5,0.1,360,100000.0,398107.1705534969,3,3981.071705534969,101
360,360,101,0.1,3,1.0,360,4.664385874873086e-11,0.9916401678060661,1.0,1.5,0.1,360,100000.0,630957.344480193,4,6309.57344480193,101
360,360,101,0.1,3,1.0,360,7.471062213920739e-11,0.9915194130245708,1.0,1.5,0.1,360,100000.0,1000000.0,5,10000.0,101
360,360,101,0.1,3,1.0,360,1.2146053668964192e-10,0.9912181783984843,1.0,1.5,0.1,360,100000.0,1584893.1924611141,6,15848.93192461114,101
360,360,101,0.1,3,1.0,360,2.042102904825899e-10,0.9904620069363362,1.0,1.5,0.1,360,100000.0,2511886.4315095823,7,25118.864315095823,101
360,360,101,0.1,3,1.0,360,3.6616593620758994e-10,0.9885665996250776,1.0,1.5,0.1,360,100000.0,3981071.705534969,8,39810.71705534969,101
360,360,101,0.1,3,1.0,360,7.179737612287449e-10,0.9837960192123295,1.0,1.5,0.1,360,100000.0,6309573.444801929,9,63095.73444801929,101
360,360,101,0.1,3,1.0,360,1.496985284298349e-09,0.9716499442290834,1.0,1.5,0.1,360,100000.0,10000000.0,10,100000.0,101
360,360,101,0.1,3,1.0,360,3.0130345042106877e-09,0.9408895411792427,1.0,1.5,0.1,360,100000.0,15848931.924611142,11,158489.3192461114,101
360,360,101,0.1,3,1.0,360,5.112300464033399e-09,0.8700967371795305,1.0,1.5,0.1,360,100000.0,25118864.315095823,12,251188.64315095823,101
360,360,101,0.1,3,1.0,360,6.398695238232764e-09,0.745049054907504,1.0,1.5,0.1,360,100000.0,39810717.05534969,13,398107.1705534969,101
360,360,101,0.1,3,1.0,360,5.660588638819848e-09,0.5951178364067284,1.0,1.5,0.1,360,100000.0,63095734.44801943,14,630957.3444801943,101
360,360,101,0.1,3,1.0,360,3.8112946325812826e-09,0.4669829030668346,1.0,1.5,0.1,360,100000.0,100000000.0,15,1000000.0,101
360,360,101,1.0,3,1.0,540,4.376812791393685e-10,0.5062533061240523,1.5,1.5,0.1,540,100000.0,100000.0,0,1000.0,152
360,360,101,1.0,3,1.0,540,6.936055646590807e-10,0.5062648892621286,1.5,1.5,0.1,540,100000.0,158489.3192461114,1,1584.893192461114,152
360,360,101,1.0,3,1.0,540,1.0994262262162089e-09,0.5060772372639843,1.5,1.5,0.1,540,100000.0,251188.6431509582,2,2511.886431509582,152
360,360,101,1.0,3,1.0,540,1.7432836152659254e-09,0.5055563478291596,1.5,1.5,0.1,540,100000.0,398107.1705534969,3,3981.071705534969,152
360,360,101,1.0,3,1.0,540,2.7658098743739553e-09,0.5042925896279775,1.5,1.5,0.1,540,100000.0,630957.344480193,4,6309.57344480193,152
360,360,101,1.0,3,1.0,540,4.3943230980054905e-09,0.5011895475674798,1.5,1.5,0.1,540,100000.0,1000000.0,5,10000.0,152
360,360,101,1.0,3,1.0,540,7.005055842474629e-09,0.49352149764941455,1.5,1.5,0.1,540,100000.0,1584893.1924611141,6,15848.93192461114,152
360,360,101,1.0,3,1.0,540,1.1237250275484989e-08,0.4751448865336874,1.5,1.5,0.1,540,100000.0,2511886.4315095823,7,25118.864315095823,152
360,360,101,1.0,3,1.0,540,1.8124421824197008e-08,0.43407141192253473,1.5,1.5,0.1,540,100000.0,3981071.705534969,8,39810.71705534969,152
360,360,101,1.0,3,1.0,540,2.8559199427799865e-08,0.3554461961850431,1.5,1.5,0.1,540,100000.0,6309573.444801929,9,63095.73444801929,152
360,360,101,1.0,3,1.0,540,3.985352930050274e-08,0.2452499098101127,1.5,1.5,0.1,540,100000.0,10000000.0,10,100000.0,152
360,360,101,1.0,3,1.0,540,4.3432510201557285e-08,0.14793023373496939,1.5,1.5,0.1,540,100000.0,15848931.924611142,11,158489.3192461114,152
360,360,101,1.0,3,1.0,540,3.5874822360570065e-08,0.0884228126791208,1.5,1.5,0.1,540,100000.0,25118864.315095823,12,251188.64315095823,152
360,360,101,1.0,3,1.0,540,2.3686249282723942e-08,0.05624015279796757,1.5,1.5,0.1,540,100000.0,39810717.05534969,13,398107.1705534969,152
360,360,101,1.0,3,1.0,540,1.343540589830048e-08,0.03901227311373529,1.5,1.5,0.1,540,100000.0,63095734.44801943,14,630957.3444801943,152
360,360,101,1.0,3,1.0,540,6.940248510945145e-09,0.029392510965941015,1.5,1.5,0.1,540,100000.0,100000000.0,15,1000000.0,152
360,360,101,10.0,3,1.0,810,8.864670270874383e-10,2.029950906696444e-05,2.25,1.5,0.1,810,100000.0,100000.0,0,1000.0,228
360,360,101,10.0,3,1.0,810,1.4047815578363918e-09,2.2471904789191654e-05,2.25,1.5,0.1,810,100000.0,158489.3192461114,1,1584.893192461114,228
360,360,101,10.0,3,1.0,810,2.2259730248130275e-09,2.9579042696835782e-05,2.25,1.5,0.1,810,100000.0,251188.6431509582,2,2511.886431509582,228
360,360,101,10.0,3,1.0,810,3.5257269944730805e-09,5.898960585082135e-06,2.25,1.5,0.1,810,100000.0,398107.1705534969,3,3981.071705534969,228
360,360,101,10.0,3,1.0,810,5.57945657146335e-09,1.1535879957008593e-05,2.25,1.5,0.1,810,100000.0,630957.344480193,4,6309.57344480193,228
360,360,101,10.0,3,1.0,810,8.809611540488866e-09,7.328228807917545e-07,2.25,1.5,0.1,810,100000.0,1000000.0,5,10000.0,228
360,360,101,10.0,3,1.0,810,1.3830850165089206e-08,3.934961479375289e-06,2.25,1.5,0.1,810,100000.0,1584893.1924611141,6,15848.93192461114,228
360,360,101,10.0,3,1.0,810,2.141026980092417e-08,3.4982066313857382e-06,2.25,1.5,0.1,810,100000.0,2511886.4315095823,7,25118.864315095823,228
360,360,101,10.0,3,1.0,810,3.202600713340188e-08,6.165475544204682e-07,2.25,1.5,0.1,810,100000.0,3981071.705534969,8,39810.71705534969,228
360,360,101,10.0,3,1.0,810,4.4308506267259486e-08,5.892364433098706e-07,2.25,1.5,0.1,810,100000.0,6309573.444801929,9,63095.73444801929,228
360,360,101,10.0,3,1.0,810,5.2803620400002964e-08,1.9970005698469085e-07,2.25,1.5,0.1,810,100000.0,10000000.0,10,100000.0,228
360,360,101,10.0,3,1.0,810,5.097298437705599e-08,6.603908394435165e-07,2.25,1.5,0.1,810,100000.0,15848931.924611142,11,158489.3192461114,228
360,360,101,10.0,3,1.0,810,3.9354715605839656e-08,1.0759416164037422e-06,2.25,1.5,0.1,810,100000.0,25118864.315095823,12,251188.64315095823,228
360,360,101,10.0,3,1.0,810,2.5097797841739745e-08,1.8818303956307327e-06,2.25,1.5,0.1,810,100000.0,39810717.05534969,13,398107.1705534969,228
360,360,101,10.0,3,1.0,810,1.3980877745442785e-08,3.42573701879193e-06,2.25,1.5,0.1,810,100000.0,63095734.44801943,14,630957.3444801943,228
360,360,101,10.0,3,1.0,810,7.150459952858191e-09,5.975194846991661e-06,2.25,1.5,0.1,810,100000.0,100000000.0,15,1000000.0,228
360,360,101,100.0,3,1.0,1215,8.864684942958817e-10,2.195466169215121e-05,3.375,1.5,0.1,1215,100000.0,100000.0,0,1000.0,341
360,360,101,100.0,3,1.0,1215,1.4047837222201873e-09,2.0931213180839206e-05,3.375,1.5,0.1,1215,100000.0,158489.3192461114,1,1584.893192461114,341
360,360,101,100.0,3,1.0,1215,2.2258876328031373e-09,8.78374730653251e-06,3.375,1.5,0.1,1215,100000.0,251188.6431509582,2,2511.886431509582,341
360,360,101,100.0,3,1.0,1215,3.525688187283603e-09,1.6905757372306524e-05,3.375,1.5,0.1,1215,100000.0,398107.1705534969,3,3981.071705534969,341
360,360,101,100.0,3,1.0,1215,5.5795104179804684e-09,1.885137942625862e-06,3.375,1.5,0.1,1215,100000.0,630957.344480193,4,6309.57344480193,341
360,360,101,100.0,3,1.0,1215,8.80962575696305e-09,2.346569927152441e-06,3.375,1.5,0.1,1215,100000.0,1000000.0,5,10000.0,341
360,360,101,100.0,3,1.0,1215,1.383087154432039e-08,2.3892034961358826e-06,3.375,1.5,0.1,1215,100000.0,1584893.1924611141,6,15848.93192461114,341
360,360,101,100.0,3,1.0,1215,2.1410252264284992e-08,2.679127717938183e-06,3.375,1.5,0.1,1215,100000.0,2511886.4315095823,7,25118.864315095823,341
360,360,101,100.0,3,1.0,1215,3.2025949140608844e-08,1.1942566633019302e-06,3.375,1.5,0.1,1215,100000.0,3981071.705534969,8,39810.71705534969,341
360,360,101,100.0,3,1.0,1215,4.430846717962719e-08,2.9293401609463494e-07,3.375,1.5,0.1,1215,100000.0,6309573.444801929,9,63095.73444801929,341
360,360,101,100.0,3,1.0,1215,5.28036058474003e-08,7.589857547001443e-08,3.375,1.5,0.1,1215,100000.0,10000000.0,10,100000.0,341
360,360,101,100.0,3,1.0,1215,5.097296771465082e-08,3.3350363867321943e-07,3.375,1.5,0.1,1215,100000.0,15848931.924611142,11,158489.3192461114,341
360,360,101,100.0,3,1.0,1215,3.9354693835088395e-08,5.227480702161812e-07,3.375,1.5,0.1,1215,100000.0,25118864.315095823,12,251188.64315095823,341
360,360,101,100.0,3,1.0,1215,2.509777265240392e-08,8.781812553986693e-07,3.375,1.5,0.1,1215,100000.0,39810717.05534969,13,398107.1705534969,341
360,360,101,100.0,3,1.0,1215,1.3980850559381769e-08,1.4812128878036513e-06,3.375,1.5,0.1,1215,100000.0,63095734.44801943,14,630957.3444801943,341
360,360,101,100.0,3,1.0,1215,7.15043172418135e-09,2.0273585261925606e-06,3.375,1.5,0.1,1215,100000.0,100000000.0,15,1000000.0,341
360,360,101,1000.0,3,1.0,1823,8.864678953469281e-10,2.1278989508464097e-05,5.0625,1.5,0.1,1823,100000.0,100000.0,0,1000.0,512
360,360,101,1000.0,3,1.0,1823,1.4048121109167907e-09,7.230473653733809e-07,5.0625,1.5,0.1,1823,100000.0,158489.3192461114,1,1584.893192461114,512
360,360,101,1000.0,3,1.0,1823,2.2259451246412057e-09,1.7044750155501547e-05,5.0625,1.5,0.1,1823,100000.0,251188.6431509582,2,2511.886431509582,512
360,360,101,1000.0,3,1.0,1823,3.5257452760121344e-09,7.138083482708794e-07,5.0625,1.5,0.1,1823,100000.0,398107.1705534969,3,3981.071705534969,512
360,360,101,1000.0,3,1.0,1823,5.579476481368841e-09,7.967490176107647e-06,5.0625,1.5,0.1,1823,100000.0,630957.344480193,4,6309.57344480193,512
360,360,101,1000.0,3,1.0,1823,8.809619900622551e-09,1.6818022737779242e-06,5.0625,1.5,0.1,1823,100000.0,1000000.0,5,10000.0,512
360,360,101,1000.0,3,1.0,1823,1.3830894846473365e-08,7.044147084827044e-07,5.0625,1.5,0.1,1823,100000.0,1584893.1924611141,6,15848.93192461114,512
360,360,101,1000.0,3,1.0,1823,2.1410202659001234e-08,3.6222756915553796e-07,5.0625,1.5,0.1,1823,100000.0,2511886.4315095823,7,25118.864315095823,512
360,360,101,1000.0,3,1.0,1823,3.2025963835983703e-08,7.353988400891466e-07,5.0625,1.5,0.1,1823,100000.0,3981071.705534969,8,39810.71705534969,512
360,360,101,1000.0,3,1.0,1823,4.430847275516394e-08,1.6709948666432166e-07,5.0625,1.5,0.1,1823,100000.0,6309573.444801929,9,63095.73444801929,512
360,360,101,1000.0,3,1.0,1823,5.280361539761319e-08,1.0496430331671695e-07,5.0625,1.5,0.1,1823,100000.0,10000000.0,10,100000.0,512
360,360,101,1000.0,3,1.0,1823,5.097295591833867e-08,1.0208065872238129e-07,5.0625,1.5,0.1,1823,100000.0,15848931.924611142,11,158489.3192461114,512
360,360,101,1000.0,3,1.0,1823,3.935467930559758e-08,1.5355453840879405e-07,5.0625,1.5,0.1,1823,100000.0,25118864.315095823,12,251188.64315095823,512
360,360,101,1000.0,3,1.0,1823,2.5097756423268285e-08,2.315441967014681e-07,5.0625,1.5,0.1,1823,100000.0,39810717.05534969,13,398107.1705534969,512
360,360,101,1000.0,3,1.0,1823,1.398083352058377e-08,2.6248709107471773e-07,5.0625,1.5,0.1,1823,100000.0,63095734.44801943,14,630957.3444801943,512
360,360,101,1000.0,3,1.0,1823,7.150414664735146e-09,3.584387862222813e-07,5.0625,1.5,0.1,1823,100000.0,100000000.0,15,1000000.0,512
360,360,101,10000.0,3,1.0,2734,8.864490326072635e-10,0.0,7.59375,1.5,0.1,2734,100000.0,100000.0,0,1000.0,767
360,360,101,10000.0,3,1.0,2734,1.4048131266632207e-09,0.0,7.59375,1.5,0.1,2734,100000.0,158489.3192461114,1,1584.893192461114,767
360,360,101,10000.0,3,1.0,2734,2.2259071846093747e-09,0.0,7.59375,1.5,0.1,2734,100000.0,251188.6431509582,2,2511.886431509582,767
360,360,101,10000.0,3,1.0,2734,3.5257477927203427e-09,0.0,7.59375,1.5,0.1,2734,100000.0,398107.1705534969,3,3981.071705534969,767
360,360,101,10000.0,3,1.0,2734,5.579520936147087e-09,0.0,7.59375,1.5,0.1,2734,100000.0,630957.344480193,4,6309.57344480193,767
360,360,101,10000.0,3,1.0,2734,8.809605084608689e-09,0.0,7.59375,1.5,0.1,2734,100000.0,1000000.0,5,10000.0,767
360,360,101,10000.0,3,1.0,2734,1.383090458916599e-08,0.0,7.59375,1.5,0.1,2734,100000.0,1584893.1924611141,6,15848.93192461114,767
360,360,101,10000.0,3,1.0,2734,2.141019490363838e-08,0.0,7.59375,1.5,0.1,2734,100000.0,2511886.4315095823,7,25118.864315095823,767
360,360,101,10000.0,3,1.0,2734,3.202598738785768e-08,0.0,7.59375,1.5,0.1,2734,100000.0,3981071.705534969,8,39810.71705534969,767
360,360,101,10000.0,3,1.0,2734,4.430848015908823e-08,0.0,7.59375,1.5,0.1,2734,100000.0,6309573.444801929,9,63095.73444801929,767
360,360,101,10000.0,3,1.0,2734,5.2803609855119067e-08,0.0,7.59375,1.5,0.1,2734,100000.0,10000000.0,10,100000.0,767
360,360,101,10000.0,3,1.0,2734,5.097295071498628e-08,0.0,7.59375,1.5,0.1,2734,100000.0,15848931.924611142,11,158489.3192461114,767
360,360,101,10000.0,3,1.0,2734,3.935467326250889e-08,0.0,7.59375,1.5,0.1,2734,100000.0,25118864.315095823,12,251188.64315095823,767
360,360,101,10000.0,3,1.0,2734,2.509775061202978e-08,0.0,7.59375,1.5,0.1,2734,100000.0,39810717.05534969,13,398107.1705534969,767
360,360,101,10000.0,3,1.0,2734,1.3980829850796412e-08,0.0,7.59375,1.5,0.1,2734,100000.0,63095734.44801943,14,630957.3444801943,767
360,360,101,10000.0,3,1.0,2734,7.150417227722018e-09,0.0,7.59375,1.5,0.1,2734,100000.0,100000000.0,15,1000000.0,767
