dphires,force_n,relative_error,resolution,rhores,scan_type,velocity_cm_s,velocity_index,velocity_m_s,vres
30,2.660340607005238e-14,0.0002693007155256078,30,1000,dphires,100000.0,0,1000.0,1000
30,4.171616024451926e-14,0.00027184476884649546,30,1000,dphires,158489.3192461114,1,1584.893192461114,1000
30,6.437304863888921e-14,0.00027831228528484855,30,1000,dphires,251188.6431509582,2,2511.886431509582,1000
30,9.545498376082771e-14,0.00029503136454540636,30,1000,dphires,398107.1705534969,3,3981.071705534969,1000
30,1.284365145569629e-13,0.0003400879814139815,30,1000,dphires,630957.344480193,4,6309.57344480193,1000
30,1.3799922137352337e-13,0.00047343131287273126,30,1000,dphires,1000000.0,5,10000.0,1000
30,9.56204784618806e-14,0.0009357648984312417,30,1000,dphires,1584893.1924611141,6,15848.93192461114,1000
30,4.1950139659193624e-14,0.002542303122716805,30,1000,dphires,2511886.4315095823,7,25118.864315095823,1000
30,1.776991478220837e-14,0.0064849662325152276,30,1000,dphires,3981071.705534969,8,39810.71705534969,1000
30,7.900452620784379e-15,0.015261572209166956,30,1000,dphires,6309573.444801929,9,63095.73444801929,1000
30,3.571332948711826e-15,0.03541612673053986,30,1000,dphires,10000000.0,10,100000.0,1000
30,1.6490932775588758e-15,0.08360456345240211,30,1000,dphires,15848931.924611142,11,158489.3192461114,1000
30,8.050855553562414e-16,0.20753915901801456,30,1000,dphires,25118864.315095823,12,251188.64315095823,1000
30,4.555749105311632e-16,0.5710373920464755,30,1000,dphires,39810717.05534969,13,398107.1705534969,1000
30,3.5894291807572744e-16,1.8643410518683237,30,1000,dphires,63095734.44801943,14,630957.3444801943,1000
30,4.582442824977079e-16,7.506979468523634,30,1000,dphires,100000000.0,15,1000000.0,1000
100,2.65968832930075e-14,2.4048900166924064e-05,100,1000,dphires,100000.0,0,1000.0,1000
100,4.170583543932869e-14,2.4276155764326363e-05,100,1000,dphires,158489.3192461114,1,1584.893192461114,1000
100,6.435673728861014e-14,2.4853885019146202e-05,100,1000,dphires,251188.6431509582,2,2511.886431509582,1000
100,9.54293440972506e-14,2.634735170958443e-05,100,1000,dphires,398107.1705534969,3,3981.071705534969,1000
100,1.283967492433428e-13,3.037202982065647e-05,100,1000,dphires,630957.344480193,4,6309.57344480193,1000
100,1.3793975125052303e-13,4.228193806791607e-05,100,1000,dphires,1000000.0,5,10000.0,1000
100,9.553906672093417e-14,8.356331455803439e-05,100,1000,dphires,1584893.1924611141,6,15848.93192461114,1000
100,4.1853251499924974e-14,0.00022682863019684964,100,1000,dphires,2511886.4315095823,7,25118.864315095823,1000
100,1.7665609010538267e-14,0.000577104975783059,100,1000,dphires,3981071.705534969,8,39810.71705534969,1000
100,7.792201114585176e-15,0.0013505218360932642,100,1000,dphires,6309573.444801929,9,63095.73444801929,1000
100,3.4598473896810238e-15,0.0030937565186839933,100,1000,dphires,10000000.0,10,100000.0,1000
100,1.5326337494085852e-15,0.007080040626152867,100,1000,dphires,15848931.924611142,11,158489.3192461114,1000
100,6.776099479081343e-16,0.016339867478018303,100,1000,dphires,25118864.315095823,12,251188.64315095823,1000
100,3.011113410828738e-16,0.038374074329309844,100,1000,dphires,39810717.05534969,13,398107.1705534969,1000
100,1.3699948058208597e-16,0.09324691073335875,100,1000,dphires,63095734.44801943,14,630957.3444801943,1000
100,6.693850661594318e-17,0.24266580770336263,100,1000,dphires,100000000.0,15,1000000.0,1000
300,2.659630901925197e-14,2.4566120835879842e-06,300,1000,dphires,100000.0,0,1000.0,1000
300,4.170492642738526e-14,2.47982915511113e-06,300,1000,dphires,158489.3192461114,1,1584.893192461114,1000
300,6.435530120156623e-14,2.5388517100795486e-06,300,1000,dphires,251188.6431509582,2,2511.886431509582,1000
300,9.542708668757788e-14,2.6914294055188285e-06,300,1000,dphires,398107.1705534969,3,3981.071705534969,1000
300,1.283932480446469e-13,3.1026086316375035e-06,300,1000,dphires,630957.344480193,4,6309.57344480193,1000
300,1.379345149299682e-13,4.319407984110604e-06,300,1000,dphires,1000000.0,5,10000.0,1000
300,9.553189939523049e-14,8.537203510584303e-06,300,1000,dphires,1584893.1924611141,6,15848.93192461114,1000
300,4.1844729878292964e-14,2.3175287283034578e-05,300,1000,dphires,2511886.4315095823,7,25118.864315095823,1000
300,1.7656460834624838e-14,5.895384010424949e-05,300,1000,dphires,3981071.705534969,8,39810.71705534969,1000
300,7.782764692325007e-15,0.00013787778141157418,300,1000,dphires,6309573.444801929,9,63095.73444801929,1000
300,3.4502644826057166e-15,0.0003154391035261018,300,1000,dphires,10000000.0,10,100000.0,1000
300,1.5229543178600423e-15,0.0007197720225766814,300,1000,dphires,15848931.924611142,11,158489.3192461114,1000
300,6.67815573128177e-16,0.0016493901663696636,300,1000,dphires,25118864.315095823,12,251188.64315095823,1000
300,2.9108731613532724e-16,0.0038065034482854462,300,1000,dphires,39810717.05534969,13,398107.1705534969,1000
300,1.2642553432157664e-16,0.008867509917776784,300,1000,dphires,63095734.44801943,14,630957.3444801943,1000
300,5.499532384332949e-17,0.020949106555088075,300,1000,dphires,100000000.0,15,1000000.0,1000
1000,2.6596243682598362e-14,0.0,1000,1000,dphires,100000.0,0,1000.0,1000
1000,4.170482300654926e-14,0.0,1000,1000,dphires,158489.3192461114,1,1584.893192461114,1000
1000,6.435513781341454e-14,0.0,1000,1000,dphires,251188.6431509582,2,2511.886431509582,1000
1000,9.542682985300194e-14,0.0,1000,1000,dphires,398107.1705534969,3,3981.071705534969,1000
1000,1.283928496918832e-13,0.0,1000,1000,dphires,630957.344480193,4,6309.57344480193,1000
1000,1.379339191370966e-13,0.0,1000,1000,dphires,1000000.0,5,10000.0,1000
1000,9.553108382692627e-14,0.0,1000,1000,dphires,1584893.1924611141,6,15848.93192461114,1000
1000,4.1843760137130783e-14,0.0,1000,1000,dphires,2511886.4315095823,7,25118.864315095823,1000
1000,1.7655419979818374e-14,0.0,1000,1000,dphires,3981071.705534969,8,39810.71705534969,1000
1000,7.78169176992814e-15,0.0,1000,1000,dphires,6309573.444801929,9,63095.73444801929,1000
1000,3.4491764774697602e-15,0.0,1000,1000,dphires,10000000.0,10,100000.0,1000
1000,1.5218589263825235e-15,0.0,1000,1000,dphires,15848931.924611142,11,158489.3192461114,1000
1000,6.667158984814594e-16,0.0,1000,1000,dphires,25118864.315095823,12,251188.64315095823,1000
1000,2.899834929693934e-16,0.0,1000,1000,dphires,39810717.05534969,13,398107.1705534969,1000
1000,1.2531430844856961e-16,0.0,1000,1000,dphires,63095734.44801943,14,630957.3444801943,1000
1000,5.3866861227682625e-17,0.0,1000,1000,dphires,100000000.0,15,1000000.0,1000
1000,2.6946425161125337e-14,0.013166576555173257,30,30,rhores,100000.0,0,1000.0,1000
1000,4.225230935140356e-14,0.013127650602145536,30,30,rhores,158489.3192461114,1,1584.893192461114,1000
1000,6.519369342216997e-14,0.013030126843744183,30,30,rhores,251188.6431509582,2,2511.886431509582,1000
1000,9.66470401417073e-14,0.012786868122780659,30,30,rhores,398107.1705534969,3,3981.071705534969,1000
1000,1.299576256324072e-13,0.012187407198135575,30,30,rhores,630957.344480193,4,6309.57344480193,1000
1000,1.3941905665624634e-13,0.010767021835097758,30,30,rhores,1000000.0,5,10000.0,1000
1000,9.628502405479368e-14,0.007892093313139089,30,30,rhores,1584893.1924611141,6,15848.93192461114,1000
1000,4.2045628686670557e-14,0.004824340567822011,30,30,rhores,2511886.4315095823,7,25118.864315095823,1000
1000,1.7720990306405965e-14,0.0037138922020854095,30,30,rhores,3981071.705534969,8,39810.71705534969,1000
1000,7.806398474339188e-15,0.0031749785447073554,30,30,rhores,6309573.444801929,9,63095.73444801929,1000
1000,3.4588183549459626e-15,0.002795414366062085,30,30,rhores,10000000.0,10,100000.0,1000
1000,1.5256682717699176e-15,0.0025030870610648153,30,30,rhores,15848931.924611142,11,158489.3192461114,1000
1000,6.682279541419422e-16,0.002267916010292708,30,30,rhores,25118864.315095823,12,251188.64315095823,1000
1000,2.9058489145557073e-16,0.0020739059317449572,30,30,rhores,39810717.05534969,13,398107.1705534969,1000
1000,1.2555374711543872e-16,0.0019107049293367315,30,30,rhores,63095734.44801943,14,630957.3444801943,1000
1000,5.396230959380788e-17,0.0017719310899110667,30,30,rhores,100000000.0,15,1000000.0,1000
1000,2.6628161050786343e-14,0.0012000705275859906,100,100,rhores,100000.0,0,1000.0,1000
1000,4.175472220136478e-14,0.0011964849918601615,100,100,rhores,158489.3192461114,1,1584.893192461114,1000
1000,6.44315597046664e-14,0.0011875025654273827,100,100,rhores,251188.6431509582,2,2511.886431509582,1000
1000,9.553801177322996e-14,0.0011651012655381448,100,100,rhores,398107.1705534969,3,3981.071705534969,1000
1000,1.2853535583757945e-13,0.0011099227568999114,100,100,rhores,630957.344480193,4,6309.57344480193,1000
1000,1.3806900138822295e-13,0.0009793258392960876,100,100,rhores,1000000.0,5,10000.0,1000
1000,9.559945395904718e-14,0.0007156846691363192,100,100,rhores,1584893.1924611141,6,15848.93192461114,1000
1000,4.18619994532949e-14,0.0004358909453725067,100,100,rhores,2511886.4315095823,7,25118.864315095823,1000
1000,1.7661341582351114e-14,0.00033539856539851256,100,100,rhores,3981071.705534969,8,39810.71705534969,1000
1000,7.783922929852188e-15,0.0002867191338353557,100,100,rhores,6309573.444801929,9,63095.73444801929,1000
1000,3.450047182163525e-15,0.00025243842970990607,100,100,rhores,10000000.0,10,100000.0,1000
1000,1.5222029088091703e-15,0.0002260278010554023,100,100,rhores,15848931.924611142,11,158489.3192461114,1000
1000,6.668524285898068e-16,0.00020478003998167826,100,100,rhores,25118864.315095823,12,251188.64315095823,1000
1000,2.9003778277177587e-16,0.0001872168716452482,100,100,rhores,39810717.05534969,13,398107.1705534969,1000
1000,1.2533591279490197e-16,0.00017240127324504972,100,100,rhores,63095734.44801943,14,630957.3444801943,1000
1000,5.3875461847502876e-17,0.0001596643952187718,100,100,rhores,100000000.0,15,1000000.0,1000
1000,2.6599509738053493e-14,0.00012280138105624078,300,300,rhores,100000.0,0,1000.0,1000
1000,4.1709929100793054e-14,0.0001224341425209416,300,300,rhores,158489.3192461114,1,1584.893192461114,1000
1000,6.436295787317137e-14,0.0001215141482489017,300,300,rhores,251188.6431509582,2,2511.886431509582,1000
1000,9.54382066213113e-14,0.00011921980775096205,300,300,rhores,398107.1705534969,3,3981.071705534969,1000
1000,1.284074310941645e-13,0.00011356864744636137,300,300,rhores,630957.344480193,4,6309.57344480193,1000
1000,1.3794773938853716e-13,0.00010019472749712139,300,300,rhores,1000000.0,5,10000.0,1000
1000,9.553807693423355e-14,7.320242822693257e-05,300,300,rhores,1584893.1924611141,6,15848.93192461114,1000
1000,4.1845625113276127e-14,4.4569994169538495e-05,300,300,rhores,2511886.4315095823,7,25118.864315095823,1000
1000,1.765602544045628e-14,3.429318807471062e-05,300,300,rhores,3981071.705534969,8,39810.71705534969,1000
1000,7.781919896597423e-15,2.9315819236641985e-05,300,300,rhores,6309573.444801929,9,63095.73444801929,1000
1000,3.449265503166383e-15,2.5810710818718612e-05,300,300,rhores,10000000.0,10,100000.0,1000
1000,1.52189409694843e-15,2.3110266856408147e-05,300,300,rhores,15848931.924611142,11,158489.3192461114,1000
1000,6.6672985793044325e-16,2.0937627279712703e-05,300,300,rhores,25118864.315095823,12,251188.64315095823,1000
1000,2.8998904368816946e-16,1.914149912201802e-05,300,300,rhores,39810717.05534969,13,398107.1705534969,1000
1000,1.2531651723690426e-16,1.7625986704859492e-05,300,300,rhores,63095734.44801943,14,630957.3444801943,1000
1000,5.386774034196273e-17,1.6320131896840007e-05,300,300,rhores,100000000.0,15,1000000.0,1000
1000,2.6596243682598362e-14,0.0,1000,1000,rhores,100000.0,0,1000.0,1000
1000,4.170482300654926e-14,0.0,1000,1000,rhores,158489.3192461114,1,1584.893192461114,1000
1000,6.435513781341454e-14,0.0,1000,1000,rhores,251188.6431509582,2,2511.886431509582,1000
1000,9.542682985300194e-14,0.0,1000,1000,rhores,398107.1705534969,3,3981.071705534969,1000
1000,1.283928496918832e-13,0.0,1000,1000,rhores,630957.344480193,4,6309.57344480193,1000
1000,1.379339191370966e-13,0.0,1000,1000,rhores,1000000.0,5,10000.0,1000
1000,9.553108382692627e-14,0.0,1000,1000,rhores,1584893.1924611141,6,15848.93192461114,1000
1000,4.1843760137130783e-14,0.0,1000,1000,rhores,2511886.4315095823,7,25118.864315095823,1000
1000,1.7655419979818374e-14,0.0,1000,1000,rhores,3981071.705534969,8,39810.71705534969,1000
1000,7.78169176992814e-15,0.0,1000,1000,rhores,6309573.444801929,9,63095.73444801929,1000
1000,3.4491764774697602e-15,0.0,1000,1000,rhores,10000000.0,10,100000.0,1000
1000,1.5218589263825235e-15,0.0,1000,1000,rhores,15848931.924611142,11,158489.3192461114,1000
1000,6.667158984814594e-16,0.0,1000,1000,rhores,25118864.315095823,12,251188.64315095823,1000
1000,2.899834929693934e-16,0.0,1000,1000,rhores,39810717.05534969,13,398107.1705534969,1000
1000,1.2531430844856961e-16,0.0,1000,1000,rhores,63095734.44801943,14,630957.3444801943,1000
1000,5.3866861227682625e-17,0.0,1000,1000,rhores,100000000.0,15,1000000.0,1000
1000,2.658963497180074e-14,0.0002484828638393686,30,1000,vres,100000.0,0,1000.0,30
1000,4.1693442279871557e-14,0.0002728875429087921,30,1000,vres,158489.3192461114,1,1584.893192461114,30
1000,6.433530845911699e-14,0.00030812387279844993,30,1000,vres,251188.6431509582,2,2511.886431509582,30
1000,9.539176192117397e-14,0.00036748503415635463,30,1000,vres,398107.1705534969,3,3981.071705534969,30
1000,1.2833402515867496e-13,0.00045816050776507184,30,1000,vres,630957.344480193,4,6309.57344480193,30
1000,1.378597946385177e-13,0.0005373913758314404,30,1000,vres,1000000.0,5,10000.0,30
1000,9.54953266296779e-14,0.0003742990848208682,30,1000,vres,1584893.1924611141,6,15848.93192461114,30
1000,4.183844169733641e-14,0.00012710233920050287,30,1000,vres,2511886.4315095823,7,25118.864315095823,30
1000,1.7655547275944874e-14,7.210031063840583e-06,30,1000,vres,3981071.705534969,8,39810.71705534969,30
1000,7.781725302730099e-15,4.309191747746192e-06,30,1000,vres,6309573.444801929,9,63095.73444801929,30
1000,3.4491886556333667e-15,3.530745291254947e-06,30,1000,vres,10000000.0,10,100000.0,30
1000,1.5218638859855278e-15,3.258911137088003e-06,30,1000,vres,15848931.924611142,11,158489.3192461114,30
1000,6.667180017034826e-16,3.1546000747727692e-06,30,1000,vres,25118864.315095823,12,251188.64315095823,30
1000,2.8998439584555913e-16,3.113543314134698e-06,30,1000,vres,39810717.05534969,13,398107.1705534969,30
1000,1.2531469646578026e-16,3.0963520083652703e-06,30,1000,vres,63095734.44801943,14,630957.3444801943,30
1000,5.386702764464689e-17,3.0894126829317787e-06,30,1000,vres,100000000.0,15,1000000.0,30
1000,2.659612726765356e-14,4.377119798941977e-06,100,1000,vres,100000.0,0,1000.0,100
1000,4.170467475770101e-14,3.554717118069307e-06,100,1000,vres,158489.3192461114,1,1584.893192461114,100
1000,6.435513768261692e-14,2.0324347559445554e-09,100,1000,vres,251188.6431509582,2,2511.886431509582,100
1000,9.542652196533903e-14,3.2264266075078282e-06,100,1000,vres,398107.1705534969,3,3981.071705534969,100
1000,1.2839254941038358e-13,2.3387712037050336e-06,100,1000,vres,630957.344480193,4,6309.57344480193,100
1000,1.3793336245580768e-13,4.035854939906015e-06,100,1000,vres,1000000.0,5,10000.0,100
1000,9.553033118517135e-14,7.878501161839609e-06,100,1000,vres,1584893.1924611141,6,15848.93192461114,100
1000,4.184378738192654e-14,6.511077319277866e-07,100,1000,vres,2511886.4315095823,7,25118.864315095823,100
1000,1.765543152929228e-14,6.541602475731037e-07,100,1000,vres,3981071.705534969,8,39810.71705534969,100
1000,7.781694825919043e-15,3.927154907922548e-07,100,1000,vres,6309573.444801929,9,63095.73444801929,100
1000,3.449177589178522e-15,3.2231136009534376e-07,100,1000,vres,10000000.0,10,100000.0,100
1000,1.52185937942707e-15,2.9769155248625957e-07,100,1000,vres,15848931.924611142,11,158489.3192461114,100
1000,6.667160906699902e-16,2.88261508832213e-07,100,1000,vres,25118864.315095823,12,251188.64315095823,100
1000,2.899835754760763e-16,2.845219983870635e-07,100,1000,vres,39810717.05534969,13,398107.1705534969,100
1000,1.253143438755432e-16,2.827049363715932e-07,100,1000,vres,63095734.44801943,14,630957.3444801943,100
1000,5.3866876136590037e-17,2.7677327158672e-07,100,1000,vres,100000000.0,15,1000000.0,100
1000,2.6596230127011445e-14,5.096805052226999e-07,300,1000,vres,100000.0,0,1000.0,300
1000,4.170480847272561e-14,3.4849263468898374e-07,300,1000,vres,158489.3192461114,1,1584.893192461114,300
1000,6.435517476441002e-14,5.74173201022768e-07,300,1000,vres,251188.6431509582,2,2511.886431509582,300
1000,9.542680980989776e-14,2.1003636197022087e-07,300,1000,vres,398107.1705534969,3,3981.071705534969,300
1000,1.2839288011453037e-13,2.369496996270438e-07,300,1000,vres,630957.344480193,4,6309.57344480193,300
1000,1.379339312123471e-13,8.754373516490798e-08,300,1000,vres,1000000.0,5,10000.0,300
1000,9.553089050345025e-14,2.023670917112844e-06,300,1000,vres,1584893.1924611141,6,15848.93192461114,300
1000,4.184376370440171e-14,8.525215975621915e-08,300,1000,vres,2511886.4315095823,7,25118.864315095823,300
1000,1.765542116118302e-14,6.691229370144966e-08,300,1000,vres,3981071.705534969,8,39810.71705534969,300
1000,7.781692082640279e-15,4.018562385812727e-08,300,1000,vres,6309573.444801929,9,63095.73444801929,300
1000,3.4491765912451065e-15,3.29862351262129e-08,300,1000,vres,10000000.0,10,100000.0,300
1000,1.5218589727494302e-15,3.046728301173328e-08,300,1000,vres,15848931.924611142,11,158489.3192461114,300
1000,6.667159181619441e-16,2.9518547181122014e-08,300,1000,vres,25118864.315095823,12,251188.64315095823,300
1000,2.89983501413665e-16,2.911983555797221e-08,300,1000,vres,39810717.05534969,13,398107.1705534969,300
1000,1.253143120215499e-16,2.8512149346944128e-08,300,1000,vres,63095734.44801943,14,630957.3444801943,300
1000,5.3866862530092595e-17,2.4178315593932423e-08,300,1000,vres,100000000.0,15,1000000.0,300
1000,2.6596243682598362e-14,0.0,1000,1000,vres,100000.0,0,1000.0,1000
1000,4.170482300654926e-14,0.0,1000,1000,vres,158489.3192461114,1,1584.893192461114,1000
1000,6.435513781341454e-14,0.0,1000,1000,vres,251188.6431509582,2,2511.886431509582,1000
1000,9.542682985300194e-14,0.0,1000,1000,vres,398107.1705534969,3,3981.071705534969,1000
1000,1.283928496918832e-13,0.0,1000,1000,vres,630957.344480193,4,6309.57344480193,1000
1000,1.379339191370966e-13,0.0,1000,1000,vres,1000000.0,5,10000.0,1000
1000,9.553108382692627e-14,0.0,1000,1000,vres,1584893.1924611141,6,15848.93192461114,1000
1000,4.1843760137130783e-14,0.0,1000,1000,vres,2511886.4315095823,7,25118.864315095823,1000
1000,1.7655419979818374e-14,0.0,1000,1000,vres,3981071.705534969,8,39810.71705534969,1000
1000,7.78169176992814e-15,0.0,1000,1000,vres,6309573.444801929,9,63095.73444801929,1000
1000,3.4491764774697602e-15,0.0,1000,1000,vres,10000000.0,10,100000.0,1000
1000,1.5218589263825235e-15,0.0,1000,1000,vres,15848931.924611142,11,158489.3192461114,1000
1000,6.667158984814594e-16,0.0,1000,1000,vres,25118864.315095823,12,251188.64315095823,1000
1000,2.899834929693934e-16,0.0,1000,1000,vres,39810717.05534969,13,398107.1705534969,1000
1000,1.2531430844856961e-16,0.0,1000,1000,vres,63095734.44801943,14,630957.3444801943,1000
1000,5.3866861227682625e-17,0.0,1000,1000,vres,100000000.0,15,1000000.0,1000
