dphires,force_n,relative_error,rhomax_fraction,rhores,test_type,test_value,velocity_cm_s,velocity_index,vres
300,6.827396304988772e-15,0.8282991686136959,0.14634914460314025,300,bmax_over_screening_length,0.1,100000.0,0,100
300,1.0747765241633961e-14,0.8274259623479118,0.14634914460314025,300,bmax_over_screening_length,0.1,158489.3192461114,1,100
300,1.674803669783523e-14,0.8252195270716771,0.14634914460314025,300,bmax_over_screening_length,0.1,251188.6431509582,2,100
300,2.5445308476459403e-14,0.8196033579312504,0.14634914460314025,300,bmax_over_screening_length,0.1,398107.1705534969,3,100
300,3.633615425212779e-14,0.8050214569376493,0.14634914460314025,300,bmax_over_screening_length,0.1,630957.344480193,4,100
300,4.4872881158699725e-14,0.7657941607863911,0.14634914460314025,300,bmax_over_screening_length,0.1,1000000.0,5,100
300,4.1110218571576874e-14,0.6601244219851402,0.14634914460314025,300,bmax_over_screening_length,0.1,1584893.1924611141,6,100
300,2.500273387133142e-14,0.4780875673500876,0.14634914460314025,300,bmax_over_screening_length,0.1,2511886.4315095823,7,100
300,1.225667263518561e-14,0.376120435065997,0.14634914460314025,300,bmax_over_screening_length,0.1,3981071.705534969,8,100
300,5.77917984926042e-15,0.33877707822349995,0.14634914460314025,300,bmax_over_screening_length,0.1,6309573.444801929,9,100
300,2.6734358221990128e-15,0.3845370521889399,0.14634914460314025,300,bmax_over_screening_length,0.1,10000000.0,10,100
300,1.2164856076676532e-15,0.6162333923760008,0.14634914460314025,300,bmax_over_screening_length,0.1,15848931.924611142,11,100
300,5.45747045787027e-16,0.8802551578277947,0.14634914460314025,300,bmax_over_screening_length,0.1,25118864.315095823,12,100
300,2.419610244928136e-16,0.9756837449432632,0.14634914460314025,300,bmax_over_screening_length,0.1,39810717.05534969,13,100
300,1.0625529458622744e-16,0.9956346499267805,0.14634914460314025,300,bmax_over_screening_length,0.1,63095734.44801943,14,100
300,4.632582208370255e-17,0.9992388191602636,0.14634914460314025,300,bmax_over_screening_length,0.1,100000000.0,15,100
300,3.137342801846845e-14,0.21099590040302166,1.4634914460314024,300,bmax_over_screening_length,1.0,100000.0,0,100
300,4.917294697495641e-14,0.21044293283892357,1.4634914460314024,300,bmax_over_screening_length,1.0,158489.3192461114,1,100
300,7.579103361859436e-14,0.20905399608441522,1.4634914460314024,300,bmax_over_screening_length,1.0,251188.6431509582,2,100
300,1.12056280523595e-13,0.20556762957416025,1.4634914460314024,300,bmax_over_screening_length,1.0,398107.1705534969,3,100
300,1.4967872488901565e-13,0.1968291552323067,1.4634914460314024,300,bmax_over_screening_length,1.0,630957.344480193,4,100
300,1.5801572637908004e-13,0.17526566491963524,1.4634914460314024,300,bmax_over_screening_length,1.0,1000000.0,5,100
300,1.0549156437045767e-13,0.12785658500755007,1.4634914460314024,300,bmax_over_screening_length,1.0,1584893.1924611141,6,100
300,4.434547263586731e-14,0.074323087247132,1.4634914460314024,300,bmax_over_screening_length,1.0,2511886.4315095823,7,100
300,1.8443165309778246e-14,0.06122042319717206,1.4634914460314024,300,bmax_over_screening_length,1.0,3981071.705534969,8,100
300,8.077042431216705e-15,0.07586790254237465,1.4634914460314024,300,bmax_over_screening_length,1.0,6309573.444801929,9,100
300,3.565039743712314e-15,0.1792771490867557,1.4634914460314024,300,bmax_over_screening_length,1.0,10000000.0,10,100
300,1.5685471743596163e-15,0.5051679820887324,1.4634914460314024,300,bmax_over_screening_length,1.0,15848931.924611142,11,100
300,6.862154388465812e-16,0.8494343486508202,1.4634914460314024,300,bmax_over_screening_length,1.0,25118864.315095823,12,100
300,2.9871909555487566e-16,0.9699797530075103,1.4634914460314024,300,bmax_over_screening_length,1.0,39810717.05534969,13,100
300,1.2978581567921525e-16,0.9946679313987659,1.4634914460314024,300,bmax_over_screening_length,1.0,63095734.44801943,14,100
300,5.667292603642941e-17,0.9990688056144413,1.4634914460314024,300,bmax_over_screening_length,1.0,100000000.0,15,100
300,3.976229363283933e-14,2.5988004208834398e-05,14.634914460314024,300,bmax_over_screening_length,10.0,100000.0,0,100
300,6.227751555398306e-14,2.6324313567880934e-05,14.634914460314024,300,bmax_over_screening_length,10.0,158489.3192461114,1,100
300,9.582066607453349e-14,2.7189158322118294e-05,14.634914460314024,300,bmax_over_screening_length,10.0,251188.6431509582,2,100
300,1.4104784961238012e-13,2.947637159704738e-05,14.634914460314024,300,bmax_over_screening_length,10.0,398107.1705534969,3,100
300,1.863530383165699e-13,3.6061766786688946e-05,14.634914460314024,300,bmax_over_screening_length,10.0,630957.344480193,4,100
300,1.9158462715773783e-13,5.8894698248038404e-05,14.634914460314024,300,bmax_over_screening_length,10.0,1000000.0,5,100
300,1.2093585895932725e-13,0.00017206439901671925,14.634914460314024,300,bmax_over_screening_length,10.0,1584893.1924611141,6,100
300,4.78620940870199e-14,0.0009163763760308371,14.634914460314024,300,bmax_over_screening_length,10.0,2511886.4315095823,7,100
300,1.954401082632618e-14,0.005186045649070689,14.634914460314024,300,bmax_over_screening_length,10.0,3981071.705534969,8,100
300,8.49258821872914e-15,0.028323370806430898,14.634914460314024,300,bmax_over_screening_length,10.0,6309573.444801929,9,100
300,3.730333742787892e-15,0.14122411969222368,14.634914460314024,300,bmax_over_screening_length,10.0,10000000.0,10,100
300,1.637382605805121e-15,0.48345236141581366,14.634914460314024,300,bmax_over_screening_length,10.0,15848931.924611142,11,100
300,7.173123422502693e-16,0.8426112356008008,14.634914460314024,300,bmax_over_screening_length,10.0,25118864.315095823,12,100
300,3.15349097070535e-16,0.9683084947571522,14.634914460314024,300,bmax_over_screening_length,10.0,39810717.05534969,13,100
300,1.4188173692811613e-16,0.9941709874025616,14.634914460314024,300,bmax_over_screening_length,10.0,63095734.44801943,14,100
300,7.001383296778354e-17,0.9988496008106387,14.634914460314024,300,bmax_over_screening_length,10.0,100000000.0,15,100
300,3.9762656504168963e-14,1.686222533191994e-05,146.34914460314025,300,bmax_over_screening_length,100.0,100000.0,0,100
300,6.227808681865612e-14,1.7151667070506308e-05,146.34914460314025,300,bmax_over_screening_length,100.0,158489.3192461114,1,100
300,9.582155649085407e-14,1.7896881954369504e-05,146.34914460314025,300,bmax_over_screening_length,100.0,251188.6431509582,2,100
300,1.410492041783406e-13,1.9873062957299046e-05,146.34914460314025,300,bmax_over_screening_length,100.0,398107.1705534969,3,100
300,1.8635498704490752e-13,2.560495813670684e-05,146.34914460314025,300,bmax_over_screening_length,100.0,630957.344480193,4,100
300,1.9158713542253966e-13,4.580326645866065e-05,146.34914460314025,300,bmax_over_screening_length,100.0,1000000.0,5,100
300,1.2093865406819728e-13,0.0001489560508778557,146.34914460314025,300,bmax_over_screening_length,100.0,1584893.1924611141,6,100
300,4.786510374016808e-14,0.0008535522303161282,146.34914460314025,300,bmax_over_screening_length,100.0,2511886.4315095823,7,100
300,1.9547587016116423e-14,0.0050040132331886245,146.34914460314025,300,bmax_over_screening_length,100.0,3981071.705534969,8,100
300,8.497604048873477e-15,0.027749486284806644,146.34914460314025,300,bmax_over_screening_length,100.0,6309573.444801929,9,100
300,3.738971198657089e-15,0.1392356545094421,146.34914460314025,300,bmax_over_screening_length,100.0,10000000.0,10,100
300,1.6551196306852502e-15,0.4778568345762974,146.34914460314025,300,bmax_over_screening_length,100.0,15848931.924611142,11,100
300,7.579074001280103e-16,0.8337040892661258,146.34914460314025,300,bmax_over_screening_length,100.0,25118864.315095823,12,100
300,4.133597220829617e-16,0.9584587623009931,146.34914460314025,300,bmax_over_screening_length,100.0,39810717.05534969,13,100
300,3.8409061355639597e-16,0.9842201746789131,146.34914460314025,300,bmax_over_screening_length,100.0,63095734.44801943,14,100
300,6.742739841666483e-16,0.9889209858693253,146.34914460314025,300,bmax_over_screening_length,100.0,100000000.0,15,100
300,3.9763327002348824e-14,0.0,1463.4914460314023,300,bmax_over_screening_length,1000.0,100000.0,0,100
300,6.227915500998829e-14,0.0,1463.4914460314023,300,bmax_over_screening_length,1000.0,158489.3192461114,1,100
300,9.582327142863131e-14,0.0,1463.4914460314023,300,bmax_over_screening_length,1000.0,251188.6431509582,2,100
300,1.410520073137622e-13,0.0,1463.4914460314023,300,bmax_over_screening_length,1000.0,398107.1705534969,3,100
300,1.8635975877872941e-13,0.0,1463.4914460314023,300,bmax_over_screening_length,1000.0,630957.344480193,4,100
300,1.9159591114111005e-13,0.0,1463.4914460314023,300,bmax_over_screening_length,1000.0,1000000.0,5,100
300,1.209566712962809e-13,0.0,1463.4914460314023,300,bmax_over_screening_length,1000.0,1584893.1924611141,6,100
300,4.790599400819929e-14,0.0,1463.4914460314023,300,bmax_over_screening_length,1000.0,2511886.4315095823,7,100
300,1.9645895336357395e-14,0.0,1463.4914460314023,300,bmax_over_screening_length,1000.0,3981071.705534969,8,100
300,8.74013839951822e-15,0.0,1463.4914460314023,300,bmax_over_screening_length,1000.0,6309573.444801929,9,100
300,4.3437802904419945e-15,0.0,1463.4914460314023,300,bmax_over_screening_length,1000.0,10000000.0,10,100
300,3.169857886279471e-15,0.0,1463.4914460314023,300,bmax_over_screening_length,1000.0,15848931.924611142,11,100
300,4.557582906178016e-15,0.0,1463.4914460314023,300,bmax_over_screening_length,1000.0,25118864.315095823,12,100
300,9.950587536125433e-15,0.0,1463.4914460314023,300,bmax_over_screening_length,1000.0,39810717.05534969,13,100
300,2.4340612506218916e-14,0.0,1463.4914460314023,300,bmax_over_screening_length,1000.0,63095734.44801943,14,100
300,6.0860467927356e-14,0.0,1463.4914460314023,300,bmax_over_screening_length,1000.0,100000000.0,15,100
300,3.9826316120781824e-14,0.0015841008079952575,14634.914460314025,300,bmax_over_screening_length,10000.0,100000.0,0,100
300,6.237957403927539e-14,0.0016124019227780869,14634.914460314025,300,bmax_over_screening_length,10000.0,158489.3192461114,1,100
300,9.59847611157027e-14,0.0016852867227734913,14634.914460314025,300,bmax_over_screening_length,10000.0,251188.6431509582,2,100
300,1.4131699747712408e-13,0.0018786699204671243,14634.914460314025,300,bmax_over_screening_length,10000.0,398107.1705534969,3,100
300,1.8681454518671297e-13,0.002440368086779622,14634.914460314025,300,bmax_over_screening_length,10000.0,630957.344480193,4,100
300,1.924438404751816e-13,0.004425612890282626,14634.914460314025,300,bmax_over_screening_length,10000.0,1000000.0,5,100
300,1.2272461736470688e-13,0.014616358481752767,14634.914460314025,300,bmax_over_screening_length,10000.0,1584893.1924611141,6,100
300,5.1960486716072054e-14,0.08463435091606328,14634.914460314025,300,bmax_over_screening_length,10000.0,2511886.4315095823,7,100
300,2.9441873195948274e-14,0.49862720389546683,14634.914460314025,300,bmax_over_screening_length,10000.0,3981071.705534969,8,100
300,3.295572309254219e-14,2.770617990941516,14634.914460314025,300,bmax_over_screening_length,10000.0,6309573.444801929,9,100
300,6.476441681124481e-14,13.909689827948181,14634.914460314025,300,bmax_over_screening_length,10000.0,10000000.0,10,100
300,1.5454243116097805e-13,47.75374124180935,14634.914460314025,300,bmax_over_screening_length,10000.0,15848931.924611142,11,100
300,3.845073719769259e-13,83.36651178757675,14634.914460314025,300,bmax_over_screening_length,10000.0,25118864.315095823,12,100
300,9.641039201099273e-13,95.8891451494462,14634.914460314025,300,bmax_over_screening_length,10000.0,39810717.05534969,13,100
300,2.4207821498187054e-12,98.45444672767402,14634.914460314025,300,bmax_over_screening_length,10000.0,63095734.44801943,14,100
300,6.08011112745568e-12,98.90247092271775,14634.914460314025,300,bmax_over_screening_length,10000.0,100000000.0,15,100
30,2.6606555428946132e-14,0.0002692601488026932,1.0,300,dphires,30.0,100000.0,0,100
30,4.1721117775084275e-14,0.00027180693117115676,1.0,300,dphires,30.0,158489.3192461114,1,100
30,6.43808687645797e-14,0.0002782836452930673,1.0,300,dphires,30.0,251188.6431509582,2,100
30,9.546605215316026e-14,0.000294994651837433,1.0,300,dphires,30.0,398107.1705534969,3,100
30,1.2845079536366439e-13,0.00034005082838234926,1.0,300,dphires,30.0,630957.344480193,4,100
30,1.3801248425786555e-13,0.00047338446230722286,1.0,300,dphires,30.0,1000000.0,5,100
30,9.562671834742736e-14,0.0009357007112672641,1.0,300,dphires,30.0,1584893.1924611141,6,100
30,4.195203189957243e-14,0.002542189165491285,1.0,300,dphires,30.0,2511886.4315095823,7,100
30,1.7770531848983875e-14,0.0064847427871821415,1.0,300,dphires,30.0,3981071.705534969,8,100
30,7.900683862243926e-15,0.015261126367004675,1.0,300,dphires,30.0,6309573.444801929,9,100
30,3.571423145120275e-15,0.03541521832133753,1.0,300,dphires,30.0,10000000.0,10,100
30,1.649128959294878e-15,0.08360264466611382,1.0,300,dphires,30.0,15848931.924611142,11,100
30,8.050997622995098e-16,0.2075348368852758,1.0,300,dphires,30.0,25118864.315095823,12,100
30,4.555805920179942e-16,0.5710264654709994,1.0,300,dphires,30.0,39810717.05534969,13,100
30,3.5894519242679284e-16,1.86430790547597,1.0,300,dphires,30.0,63095734.44801943,14,100
30,4.582451614345723e-16,7.506854548567066,1.0,300,dphires,30.0,100000000.0,15,100
100,2.6600032862161733e-14,2.404527801172123e-05,1.0,300,dphires,100.0,100000.0,0,100
100,4.1710793179785006e-14,2.4272777088630054e-05,1.0,300,dphires,100.0,158489.3192461114,1,100
100,6.436455711103343e-14,2.485132718721046e-05,1.0,300,dphires,100.0,251188.6431509582,2,100
100,9.54404127065052e-14,2.634407316310045e-05,1.0,300,dphires,100.0,398107.1705534969,3,100
100,1.2841102997173115e-13,3.0368711778201047e-05,1.0,300,dphires,100.0,630957.344480193,4,100
100,1.3795301430219747e-13,4.227775380184965e-05,1.0,300,dphires,100.0,1000000.0,5,100
100,9.554530687324237e-14,8.355758257357048e-05,1.0,300,dphires,100.0,1584893.1924611141,6,100
100,4.185514370211767e-14,0.00022681846275354858,1.0,300,dphires,100.0,2511886.4315095823,7,100
100,1.7666226026197263e-14,0.0005770850923680449,1.0,300,dphires,100.0,3981071.705534969,8,100
100,7.792432302602168e-15,0.0013504823912233988,1.0,300,dphires,100.0,6309573.444801929,9,100
100,3.4599375324383963e-15,0.0030936772145618175,1.0,300,dphires,100.0,10000000.0,10,100
100,1.5326693783544618e-15,0.0070798783945784,1.0,300,dphires,100.0,15848931.924611142,11,100
100,6.776241048530379e-16,0.0163395286394837,1.0,300,dphires,100.0,25118864.315095823,12,100
100,3.0111697965796106e-16,0.03837334718302633,1.0,300,dphires,100.0,39810717.05534969,13,100
100,1.3700172992600753e-16,0.09324528192693517,1.0,300,dphires,100.0,63095734.44801943,14,100
100,6.693940549751286e-17,0.2426618632528583,1.0,300,dphires,100.0,100000000.0,15,100
300,2.6599458606903194e-14,2.4562420265860575e-06,1.0,300,dphires,300.0,100000.0,0,100
300,4.170988418630815e-14,2.4794840018567192e-06,1.0,300,dphires,300.0,158489.3192461114,1,100
300,6.436312099730462e-14,2.538590448214222e-06,1.0,300,dphires,300.0,251188.6431509582,2,100
300,9.54381553159271e-14,2.6910944830297795e-06,1.0,300,dphires,300.0,398107.1705534969,3,100
300,1.2840752876614287e-13,3.1022696653004903e-06,1.0,300,dphires,300.0,630957.344480193,4,100
300,1.3794777799638352e-13,4.318980521790955e-06,1.0,300,dphires,300.0,1000000.0,5,100
300,9.553813957103446e-14,8.536617913696695e-06,1.0,300,dphires,300.0,1584893.1924611141,6,100
300,4.1846622077126466e-14,2.3174248466527445e-05,1.0,300,dphires,300.0,2511886.4315095823,7,100
300,1.7657077845778927e-14,5.895180893194334e-05,1.0,300,dphires,300.0,3981071.705534969,8,100
300,7.782995875621651e-15,0.00013787375478588272,1.0,300,dphires,300.0,6309573.444801929,9,100
300,3.4503546205882257e-15,0.0003154310190485181,1.0,300,dphires,300.0,10000000.0,10,100
300,1.522989942022865e-15,0.0007197555256668394,1.0,300,dphires,300.0,15848931.924611142,11,100
300,6.6782972534031e-16,0.0016493560408554194,1.0,300,dphires,300.0,25118864.315095823,12,100
300,2.9109294987395903e-16,0.0038064311263504157,1.0,300,dphires,300.0,39810717.05534969,13,100
300,1.264277789162119e-16,0.008867354297634817,1.0,300,dphires,300.0,63095734.44801943,14,100
300,5.499621929365818e-17,0.020948779442914442,1.0,300,dphires,300.0,100000000.0,15,100
1000,2.6599393272355556e-14,0.0,1.0,300,dphires,1000.0,100000.0,0,100
1000,4.170978076757402e-14,0.0,1.0,300,dphires,1000.0,158489.3192461114,1,100
1000,6.436295760611523e-14,0.0,1.0,300,dphires,1000.0,251188.6431509582,2,100
1000,9.543789848352502e-14,0.0,1.0,300,dphires,1000.0,398107.1705534969,3,100
1000,1.2840713041259738e-13,0.0,1.0,300,dphires,1000.0,630957.344480193,4,100
1000,1.3794718220519054e-13,0.0,1.0,300,dphires,1000.0,1000000.0,5,100
1000,9.553732400540293e-14,0.0,1.0,300,dphires,1000.0,1584893.1924611141,6,100
1000,4.1845652335582e-14,0.0,1.0,300,dphires,1000.0,2511886.4315095823,7,100
1000,1.765603699045977e-14,0.0,1.0,300,dphires,1000.0,3981071.705534969,8,100
1000,7.78192295268471e-15,0.0,1.0,300,dphires,1000.0,6309573.444801929,9,100
1000,3.449266614904916e-15,0.0,1.0,300,dphires,1000.0,10000000.0,10,100
1000,1.5218945500110122e-15,0.0,1.0,300,dphires,1000.0,15848931.924611142,11,100
1000,6.667300501045502e-16,0.0,1.0,300,dphires,1000.0,25118864.315095823,12,100
1000,2.899891262375453e-16,0.0,1.0,300,dphires,1000.0,39810717.05534969,13,100
1000,1.2531655264455443e-16,0.0,1.0,300,dphires,1000.0,63095734.44801943,14,100
1000,5.386775556327824e-17,0.0,1.0,300,dphires,1000.0,100000000.0,15,100
300,2.6946370224107124e-14,0.01316645683725578,1.0,30,rhores,30.0,100000.0,0,100
300,4.2252258148694544e-14,0.013127511912072358,1.0,30,rhores,30.0,158489.3192461114,1,100
300,6.519384668116915e-14,0.01302993838018139,1.0,30,rhores,30.0,251188.6431509582,2,100
300,9.664697022913003e-14,0.01278667735474372,1.0,30,rhores,30.0,398107.1705534969,3,100
300,1.299576938640798e-13,0.012187165475586206,1.0,30,rhores,30.0,630957.344480193,4,100
300,1.3941905866636566e-13,0.01076674981590612,1.0,30,rhores,30.0,1000000.0,5,100
300,9.62850665808204e-14,0.007891874596831574,1.0,30,rhores,30.0,1584893.1924611141,6,100
300,4.204662647022112e-14,0.004824244681184423,1.0,30,rhores,30.0,2511886.4315095823,7,100
300,1.7722045086245563e-14,0.003713805365214508,1.0,30,rhores,30.0,3981071.705534969,8,100
300,7.807476783148262e-15,0.003174838994539006,1.0,30,rhores,30.0,6309573.444801929,9,100
300,3.4599097947513312e-15,0.0027952051445537347,1.0,30,rhores,30.0,10000000.0,10,100
300,1.5267664359158971e-15,0.002502808860648634,1.0,30,rhores,30.0,15848931.924611142,11,100
300,6.693301361178589e-16,0.0022676471005170086,1.0,30,rhores,30.0,25118864.315095823,12,100
300,2.916911019812851e-16,0.002073958156605997,1.0,30,rhores,30.0,39810717.05534969,13,100
300,1.2666728879578452e-16,0.0019119465380724125,1.0,30,rhores,30.0,63095734.44801943,14,100
300,5.509300477322127e-17,0.001775884005202938,1.0,30,rhores,30.0,100000000.0,15,100
300,2.6628109488190006e-14,0.0012000547030236927,1.0,100,rhores,100.0,100000.0,0,100
300,4.175467657005044e-14,0.0011964670677730588,1.0,100,rhores,100.0,158489.3192461114,1,100
300,6.443172167381508e-14,0.0011874794896417952,1.0,100,rhores,100.0,251188.6431509582,2,100
300,9.553795834382056e-14,0.0011650770106601362,1.0,100,rhores,100.0,398107.1705534969,3,100
300,1.285354501165672e-13,0.001109892367648701,1.0,100,rhores,100.0,630957.344480193,4,100
300,1.3806903574509593e-13,0.000979291104294736,1.0,100,rhores,100.0,1000000.0,5,100
300,9.559951417529507e-14,0.0007156558572484105,1.0,100,rhores,100.0,1584893.1924611141,6,100
300,4.186299624613893e-14,0.0004358759414306263,1.0,100,rhores,100.0,2511886.4315095823,7,100
300,1.7662394011424516e-14,0.0003353799627632331,1.0,100,rhores,100.0,3981071.705534969,8,100
300,7.784998928862646e-15,0.0002866821059285703,1.0,100,rhores,100.0,6309573.444801929,9,100
300,3.4511363189520107e-15,0.0002523644388922965,1.0,100,rhores,100.0,10000000.0,10,100
300,1.5232987730539473e-15,0.00022587790545577018,1.0,100,rhores,100.0,15848931.924611142,11,100
300,6.679523150821254e-16,0.00020447173593559625,1.0,100,rhores,100.0,25118864.315095823,12,100
300,2.9114170786855017e-16,0.00018657273621847938,1.0,100,rhores,100.0,39810717.05534969,13,100
300,1.2644719265960374e-16,0.0001710318131831248,1.0,100,rhores,100.0,63095734.44801943,14,100
300,5.500395815214445e-17,0.0001567173267089718,1.0,100,rhores,100.0,100000000.0,15,100
300,2.6599458606903194e-14,0.00012279970959769697,1.0,300,rhores,300.0,100000.0,0,100
300,4.170988418630815e-14,0.00012243225207804343,1.0,300,rhores,300.0,158489.3192461114,1,100
300,6.436312099730462e-14,0.00012151172372531404,1.0,300,rhores,300.0,251188.6431509582,2,100
300,9.54381553159271e-14,0.00011921725147134792,1.0,300,rhores,300.0,398107.1705534969,3,100
300,1.2840752876614287e-13,0.00011356544586409478,1.0,300,rhores,300.0,630957.344480193,4,100
300,1.3794777799638352e-13,0.00010019106066780076,1.0,300,rhores,300.0,1000000.0,5,100
300,9.553813957103446e-14,7.319937736491917e-05,1.0,300,rhores,300.0,1584893.1924611141,6,100
300,4.1846622077126466e-14,4.4568400458616846e-05,1.0,300,rhores,300.0,2511886.4315095823,7,100
300,1.7657077845778927e-14,3.429118750514564e-05,1.0,300,rhores,300.0,3981071.705534969,8,100
300,7.782995875621651e-15,2.931180969285692e-05,1.0,300,rhores,300.0,6309573.444801929,9,100
300,3.4503546205882257e-15,2.5802644633352345e-05,1.0,300,rhores,300.0,10000000.0,10,100
300,1.522989942022865e-15,2.3093793334690805e-05,1.0,300,rhores,300.0,15848931.924611142,11,100
300,6.6782972534031e-16,2.0903530265631924e-05,1.0,300,rhores,300.0,25118864.315095823,12,100
300,2.9109294987395903e-16,1.9069798008008313e-05,1.0,300,rhores,300.0,39810717.05534969,13,100
300,1.264277789162119e-16,1.7473135041139245e-05,1.0,300,rhores,300.0,63095734.44801943,14,100
300,5.499621929365818e-17,1.5998884627597546e-05,1.0,300,rhores,300.0,100000000.0,15,100
300,2.6596192602175242e-14,0.0,1.0,1000,rhores,1000.0,100000.0,0,100
300,4.17047781763936e-14,0.0,1.0,1000,rhores,1000.0,158489.3192461114,1,100
300,6.435530107374029e-14,0.0,1.0,1000,rhores,1000.0,251188.6431509582,2,100
300,9.542677879764208e-14,0.0,1.0,1000,rhores,1000.0,398107.1705534969,3,100
300,1.2839294776378427e-13,0.0,1.0,1000,rhores,1000.0,630957.344480193,4,100
300,1.3793395824680467e-13,0.0,1.0,1000,rhores,1000.0,1000000.0,5,100
300,9.553114675057336e-14,0.0,1.0,1000,rhores,1000.0,1584893.1924611141,6,100
300,4.1844757123233904e-14,0.0,1.0,1000,rhores,1000.0,2511886.4315095823,7,100
300,1.7656472384373715e-14,0.0,1.0,1000,rhores,1000.0,3981071.705534969,8,100
300,7.78276774861452e-15,0.0,1.0,1000,rhores,1000.0,6309573.444801929,9,100
300,3.4502655946111972e-15,0.0,1.0,1000,rhores,1000.0,10000000.0,10,100
300,1.5229547712201203e-15,0.0,1.0,1000,rhores,1000.0,15848931.924611142,11,100
300,6.678157656332412e-16,0.0,1.0,1000,rhores,1000.0,25118864.315095823,12,100
300,2.910873988960594e-16,0.0,1.0,1000,rhores,1000.0,39810717.05534969,13,100
300,1.26425569865157e-16,0.0,1.0,1000,rhores,1000.0,63095734.44801943,14,100
300,5.499533942956759e-17,0.0,1.0,1000,rhores,1000.0,100000000.0,15,100
300,2.6592957108035954e-14,0.0002487997149944066,1.0,300,vres,30.0,100000.0,0,30
300,4.169863631027632e-14,0.0002732247065177068,1.0,300,vres,30.0,158489.3192461114,1,30
300,6.434326587842052e-14,0.00030849005733003115,1.0,300,vres,30.0,251188.6431509582,2,30
300,9.540335306218363e-14,0.00036788515377048173,1.0,300,vres,30.0,398107.1705534969,3,30
300,1.283489449150578e-13,0.0004585743117976265,1.0,300,vres,30.0,630957.344480193,4,30
300,1.3787415783110349e-13,0.0005377183451070046,1.0,300,vres,30.0,1000000.0,5,30
300,9.550312475106209e-14,0.0003743789651436175,1.0,300,vres,30.0,1584893.1924611141,6,30
300,4.184127481798361e-14,0.0001271318899466855,1.0,300,vres,30.0,2511886.4315095823,7,30
300,1.7657193600483797e-14,7.209860414955311e-06,1.0,300,vres,30.0,3981071.705534969,8,30
300,7.783026356394958e-15,4.309031732568178e-06,1.0,300,vres,30.0,6309573.444801929,9,30
300,3.4503656903859972e-15,3.5306087593819236e-06,1.0,300,vres,30.0,10000000.0,10,30
300,1.5229944517548307e-15,3.2587823651877863e-06,1.0,300,vres,30.0,15848931.924611142,11,30
300,6.678316395103537e-16,3.1545323934617377e-06,1.0,300,vres,30.0,25118864.315095823,12,30
300,2.9109377334702305e-16,3.1133070579457652e-06,1.0,300,vres,30.0,39810717.05534969,13,30
300,1.2642813526604973e-16,3.100922146493398e-06,1.0,300,vres,30.0,63095734.44801943,14,30
300,5.499637344474869e-17,3.088171034747867e-06,1.0,300,vres,30.0,100000000.0,15,30
300,2.6599458606903194e-14,4.378559807769425e-06,1.0,300,vres,100.0,100000.0,0,100
300,4.170988418630815e-14,3.556347328804995e-06,1.0,300,vres,100.0,158489.3192461114,1,100
300,6.436312099730462e-14,4.1030290970140366e-09,1.0,300,vres,100.0,251188.6431509582,2,100
300,9.54381553159271e-14,3.228677930261463e-06,1.0,300,vres,100.0,398107.1705534969,3,100
300,1.2840752876614287e-13,2.341609030670718e-06,1.0,300,vres,100.0,630957.344480193,4,100
300,1.3794777799638352e-13,4.039086251726152e-06,1.0,300,vres,100.0,1000000.0,5,100
300,9.553813957103446e-14,7.880892420406876e-06,1.0,300,vres,100.0,1584893.1924611141,6,100
300,4.1846622077126466e-14,6.505296605708884e-07,1.0,300,vres,100.0,2511886.4315095823,7,100
300,1.7657077845778927e-14,6.541448202454109e-07,1.0,300,vres,100.0,3981071.705534969,8,100
300,7.782995875621651e-15,3.9270108510175056e-07,1.0,300,vres,100.0,6309573.444801929,9,100
300,3.4503546205882257e-15,3.223004674488686e-07,1.0,300,vres,100.0,10000000.0,10,100
300,1.522989942022865e-15,2.976772496782431e-07,1.0,300,vres,100.0,15848931.924611142,11,100
300,6.6782972534031e-16,2.8827693505569865e-07,1.0,300,vres,100.0,25118864.315095823,12,100
300,2.9109294987395903e-16,2.8440550407624386e-07,1.0,300,vres,100.0,39810717.05534969,13,100
300,1.264277789162119e-16,2.8231739455180356e-07,1.0,300,vres,100.0,63095734.44801943,14,100
300,5.499621929365818e-17,2.8523046074474996e-07,1.0,300,vres,100.0,100000000.0,15,100
300,2.6599561517711292e-14,5.096706315575432e-07,1.0,300,vres,300.0,100000.0,0,300
300,4.171001798599227e-14,3.4849358171220705e-07,1.0,300,vres,300.0,158489.3192461114,1,300
300,6.436315821325849e-14,5.741155708776971e-07,1.0,300,vres,300.0,251188.6431509582,2,300
300,9.543844340893883e-14,2.1005209217569673e-07,1.0,300,vres,300.0,398107.1705534969,3,300
300,1.2840785986727655e-13,2.3690300483004848e-07,1.0,300,vres,300.0,630957.344480193,4,300
300,1.3794834725235772e-13,8.75019629768061e-08,1.0,300,vres,300.0,1000000.0,5,300
300,9.553869916418574e-14,2.0236636352007584e-06,1.0,300,vres,300.0,1584893.1924611141,6,300
300,4.1846598420897695e-14,8.522132777570117e-08,1.0,300,vres,300.0,2511886.4315095823,7,300
300,1.7657067476947028e-14,6.691069396811807e-08,1.0,300,vres,300.0,3981071.705534969,8,300
300,7.782993131985937e-15,4.018428623115838e-08,1.0,300,vres,300.0,6309573.444801929,9,300
300,3.4503536223465866e-15,3.2984709904800036e-08,1.0,300,vres,300.0,10000000.0,10,300
300,1.5229895350706814e-15,3.047108273750051e-08,1.0,300,vres,300.0,15848931.924611142,11,300
300,6.678295525300098e-16,2.951284678437723e-08,1.0,300,vres,300.0,25118864.315095823,12,300
300,2.9109287553725696e-16,2.9034416437349264e-08,1.0,300,vres,300.0,39810717.05534969,13,300
300,1.264277469073324e-16,2.9138158054960828e-08,1.0,300,vres,300.0,63095734.44801943,14,300
300,5.499620521277628e-17,2.9196753300804098e-08,1.0,300,vres,300.0,100000000.0,15,300
300,2.659957507473352e-14,0.0,1.0,300,vres,1000.0,100000.0,0,1000
300,4.1710032521670896e-14,0.0,1.0,300,vres,1000.0,158489.3192461114,1,1000
300,6.436312126138838e-14,0.0,1.0,300,vres,1000.0,251188.6431509582,2,1000
300,9.543846345598776e-14,0.0,1.0,300,vres,1000.0,398107.1705534969,3,1000
300,1.284078294470759e-13,0.0,1.0,300,vres,1000.0,630957.344480193,4,1000
300,1.379483351816076e-13,0.0,1.0,300,vres,1000.0,1000000.0,5,1000
300,9.553889250276824e-14,0.0,1.0,300,vres,1000.0,1584893.1924611141,6,1000
300,4.184659485467532e-14,0.0,1.0,300,vres,1000.0,2511886.4315095823,7,1000
300,1.765706629550047e-14,0.0,1.0,300,vres,1000.0,3981071.705534969,8,1000
300,7.782992819231926e-15,0.0,1.0,300,vres,1000.0,6309573.444801929,9,1000
300,3.450353508537677e-15,0.0,1.0,300,vres,1000.0,10000000.0,10,1000
300,1.5229894886635426e-15,0.0,1.0,300,vres,1000.0,15848931.924611142,11,1000
300,6.678295328204591e-16,0.0,1.0,300,vres,1000.0,25118864.315095823,12,1000
300,2.9109286708554544e-16,0.0,1.0,300,vres,1000.0,39810717.05534969,13,1000
300,1.2642774322346084e-16,0.0,1.0,300,vres,1000.0,63095734.44801943,14,1000
300,5.499620360706569e-17,0.0,1.0,300,vres,1000.0,100000000.0,15,1000
