condition,method,n,reference_value,relative_error,scan_type,speed_m_s,value
0,quad_impact,45,5.820338685601247e-18,7.1018339432160815e-12,dphires,100.0,5.820338685642582e-18
0,quad_impact,90,5.820338685601247e-18,1.546875154584135e-12,dphires,100.0,5.8203386856102506e-18
0,quad_impact,180,5.820338685601247e-18,1.8278724980582617e-13,dphires,100.0,5.820338685602311e-18
0,quad_impact,360,5.820338685601247e-18,1.671689330229967e-13,dphires,100.0,5.820338685600274e-18
0,quad_impact,720,5.820338685601247e-18,3.1342520459101837e-13,dphires,100.0,5.820338685599423e-18
0,quad_impact,1440,5.820338685601247e-18,5.7205394182533e-13,dphires,100.0,5.820338685597918e-18
0,quad_impact,2880,5.820338685601247e-18,2.9860103950901073e-13,dphires,100.0,5.820338685599509e-18
0,quad_angle,45,5.820338685601247e-18,0.04849713233711192,rhores,100.0,6.102608421083663e-18
0,quad_angle,90,5.820338685601247e-18,0.013394923654143277,rhores,100.0,5.898301677936133e-18
0,quad_angle,180,5.820338685601247e-18,0.0034337436262651304,rhores,100.0,5.840324236465635e-18
0,quad_angle,360,5.820338685601247e-18,0.0008638421069211257,rhores,100.0,5.8253665392344116e-18
0,quad_angle,720,5.820338685601247e-18,0.0002162998880523138,rhores,100.0,5.821597624207369e-18
0,quad_angle,1440,5.820338685601247e-18,5.409620509998672e-05,rhores,100.0,5.820653543836535e-18
0,quad_angle,2880,5.820338685601247e-18,1.3525378510688858e-05,rhores,100.0,5.8204174078850304e-18
0,vectorized,45,5.820338685601247e-18,0.04849713234504973,vectorized,100.0,6.102608421129864e-18
0,vectorized,90,5.820338685601247e-18,0.013394923655805835,vectorized,100.0,5.898301677945809e-18
0,vectorized,180,5.820338685601247e-18,0.0034337436267830495,vectorized,100.0,5.8403242364686494e-18
0,vectorized,360,5.820338685601247e-18,0.0008638421068860505,vectorized,100.0,5.8253665392342074e-18
0,vectorized,720,5.820338685601247e-18,0.00021629988810631612,vectorized,100.0,5.821597624207684e-18
0,vectorized,1440,5.820338685601247e-18,5.4096204930038256e-05,vectorized,100.0,5.820653543835546e-18
0,vectorized,2880,5.820338685601247e-18,1.3525378540601905e-05,vectorized,100.0,5.8204174078852045e-18
0,quad_impact,45,2.3857099329019603e-20,0.00023896533052680205,dphires,10000.0,2.3862800348646173e-20
0,quad_impact,90,2.3857099329019603e-20,5.975960096983015e-05,dphires,10000.0,2.3858525019755803e-20
0,quad_impact,180,2.3857099329019603e-20,1.494121734420169e-05,dphires,10000.0,2.385745578312588e-20
0,quad_impact,360,2.3857099329019603e-20,3.7353905994848715e-06,dphires,10000.0,2.3857188444604167e-20
0,quad_impact,720,2.3857099329019603e-20,9.338531718385064e-07,dphires,10000.0,2.3857121608047482e-20
0,quad_impact,1440,2.3857099329019603e-20,2.334636740829014e-07,dphires,10000.0,2.3857104898785665e-20
0,quad_impact,2880,2.3857099329019603e-20,5.836594447343552e-08,dphires,10000.0,2.3857100721461738e-20
0,quad_angle,45,2.3857099329019603e-20,0.0034660629334407,rhores,10000.0,2.393978953670333e-20
0,quad_angle,90,2.3857099329019603e-20,0.0008753596995799547,rhores,10000.0,2.3877982872321103e-20
0,quad_angle,180,2.3857099329019603e-20,0.00021939755584508158,rhores,10000.0,2.3862333518301943e-20
0,quad_angle,360,2.3857099329019603e-20,5.488431805157841e-05,rhores,10000.0,2.3858408709646965e-20
0,quad_angle,720,2.3857099329019603e-20,1.372326349945694e-05,rhores,10000.0,2.3857426726280028e-20
0,quad_angle,1440,2.3857099329019603e-20,3.4309521047393913e-06,rhores,10000.0,2.385718118158476e-20
0,quad_angle,2880,2.3857099329019603e-20,8.57746253887727e-07,rhores,10000.0,2.385711979235718e-20
0,vectorized,45,2.3857099329019603e-20,0.0037052104895777416,vectorized,10000.0,2.3945494903704384e-20
0,vectorized,90,2.3857099329019603e-20,0.0009351221987038771,vectorized,10000.0,2.3879408632198852e-20
0,vectorized,180,2.3857099329019603e-20,0.00023433881920271313,vectorized,10000.0,2.3862689973505967e-20
0,vectorized,360,2.3857099329019603e-20,5.861970972726509e-05,vectorized,10000.0,2.3858497825257205e-20
0,vectorized,720,2.3857099329019603e-20,1.4657117015649754e-05,vectorized,10000.0,2.3857449005316122e-20
0,vectorized,1440,2.3857099329019603e-20,3.6644160838218223e-06,vectorized,10000.0,2.3857186751358097e-20
0,vectorized,2880,2.3857099329019603e-20,9.161125396881794e-07,vectorized,10000.0,2.385712118480746e-20
0,quad_impact,45,4.1640954077857505e-25,0.05606018066292502,dphires,200000.0,4.397535348643876e-25
0,quad_impact,90,4.1640954077857505e-25,0.013601790769658315,dphires,200000.0,4.220734562267347e-25
0,quad_impact,180,4.1640954077857505e-25,0.0033746435103005194,dphires,200000.0,4.178147745329907e-25
0,quad_impact,360,4.1640954077857505e-25,0.0008420557187545419,dphires,200000.0,4.167601808137316e-25
0,quad_impact,720,4.1640954077857505e-25,0.00021041567853622136,dphires,200000.0,4.164971598746469e-25
0,quad_impact,1440,4.1640954077857505e-25,5.2598324526187465e-05,dphires,200000.0,4.164314432227367e-25
0,quad_impact,2880,4.1640954077857505e-25,1.31494367269563e-05,dphires,200000.0,4.16415016329484e-25
0,quad_angle,45,4.1640954077857505e-25,0.0012819946830400504,rhores,200000.0,4.169433755958203e-25
0,quad_angle,90,4.1640954077857505e-25,0.00032374322661975994,rhores,200000.0,4.16544350546902e-25
0,quad_angle,180,4.1640954077857505e-25,8.11521460564606e-05,rhores,200000.0,4.164433333064476e-25
0,quad_angle,360,4.1640954077857505e-25,2.031394561550098e-05,rhores,200000.0,4.164179996993402e-25
0,quad_angle,720,4.1640954077857505e-25,5.0920849932120725e-06,rhores,200000.0,4.164116611713487e-25
0,quad_angle,1440,4.1640954077857505e-25,1.2860248950978448e-06,rhores,200000.0,4.1641007629161105e-25
0,quad_angle,2880,4.1640954077857505e-25,3.3448605812001215e-07,rhores,200000.0,4.164096800617609e-25
0,vectorized,45,4.1640954077857505e-25,0.05736692875246619,vectorized,200000.0,4.402976772362667e-25
0,vectorized,90,4.1640954077857505e-25,0.013925933887147397,vectorized,200000.0,4.222084325134349e-25
0,vectorized,180,4.1640954077857505e-25,0.003455785468330255,vectorized,200000.0,4.178485628184717e-25
0,vectorized,360,4.1640954077857505e-25,0.000862352485985517,vectorized,200000.0,4.167686325812535e-25
0,vectorized,720,4.1640954077857505e-25,0.00021549043063831308,vectorized,200000.0,4.164992730498393e-25
0,vectorized,1440,4.1640954077857505e-25,5.386699958024377e-05,vectorized,200000.0,4.164319715111334e-25
0,vectorized,2880,4.1640954077857505e-25,1.3466477289323864e-05,vectorized,200000.0,4.16415148348199e-25
1,quad_impact,45,2.7126200325212252e-21,1.309041919764773e-13,dphires,100.0,2.71262003252087e-21
1,quad_impact,90,2.7126200325212252e-21,1.0788502262468152e-13,dphires,100.0,2.7126200325209326e-21
1,quad_impact,180,2.7126200325212252e-21,1.3173621014581933e-13,dphires,100.0,2.712620032520868e-21
1,quad_impact,360,2.7126200325212252e-21,1.580834521749832e-14,dphires,100.0,2.7126200325211823e-21
1,quad_impact,720,2.7126200325212252e-21,2.347677934493391e-13,dphires,100.0,2.7126200325205884e-21
1,quad_impact,1440,2.7126200325212252e-21,9.318603496630589e-14,dphires,100.0,2.7126200325209724e-21
1,quad_impact,2880,2.7126200325212252e-21,1.3173621014581933e-13,dphires,100.0,2.712620032520868e-21
1,quad_angle,45,2.7126200325212252e-21,0.0487702654190734,rhores,100.0,2.844915231488381e-21
1,quad_angle,90,2.7126200325212252e-21,0.013495203802233792,rhores,100.0,2.7492273926981212e-21
1,quad_angle,180,2.7126200325212252e-21,0.0034612210133073557,rhores,100.0,2.722009009978906e-21
1,quad_angle,360,2.7126200325212252e-21,0.000870869340477302,rhores,100.0,2.7149823701399125e-21
1,quad_angle,720,2.7126200325212252e-21,0.00021806668545986055,rhores,100.0,2.713211564580629e-21
1,quad_angle,1440,2.7126200325212252e-21,5.4538530700018184e-05,rhores,100.0,2.7127679748321464e-21
1,quad_angle,2880,2.7126200325212252e-21,1.3635999213158562e-05,rhores,100.0,2.7126570218058543e-21
1,vectorized,45,2.7126200325212252e-21,0.048770265419095585,vectorized,100.0,2.844915231488441e-21
1,vectorized,90,2.7126200325212252e-21,0.013495203802493798,vectorized,100.0,2.7492273926988265e-21
1,vectorized,180,2.7126200325212252e-21,0.0034612210132951527,vectorized,100.0,2.722009009978873e-21
1,vectorized,360,2.7126200325212252e-21,0.0008708693405573145,vectorized,100.0,2.7149823701401295e-21
1,vectorized,720,2.7126200325212252e-21,0.0002180666853805415,vectorized,100.0,2.713211564580414e-21
1,vectorized,1440,2.7126200325212252e-21,5.453853068171378e-05,vectorized,100.0,2.7127679748320967e-21
1,vectorized,2880,2.7126200325212252e-21,1.3635999176827101e-05,vectorized,100.0,2.7126570218057557e-21
1,quad_impact,45,2.6041154564274735e-21,1.0289530109578168e-08,dphires,10000.0,2.604115483222598e-21
1,quad_impact,90,2.6041154564274735e-21,2.5724917658817207e-09,dphires,10000.0,2.604115463126539e-21
1,quad_impact,180,2.6041154564274735e-21,6.432537026479754e-10,dphires,10000.0,2.6041154581025804e-21
1,quad_impact,360,2.6041154564274735e-21,1.6090681102657048e-10,dphires,10000.0,2.6041154568464934e-21
1,quad_impact,720,2.6041154564274735e-21,4.0269098123236964e-11,dphires,10000.0,2.604115456532339e-21
1,quad_impact,1440,2.6041154564274735e-21,9.740967433239858e-12,dphires,10000.0,2.60411545645284e-21
1,quad_impact,2880,2.6041154564274735e-21,2.626490462640138e-12,dphires,10000.0,2.604115456434313e-21
1,quad_angle,45,2.6041154564274735e-21,0.046065756313672136,rhores,10000.0,2.7240760044559286e-21
1,quad_angle,90,2.6041154564274735e-21,0.012524315900819951,rhores,10000.0,2.636730221045979e-21
1,quad_angle,180,2.6041154564274735e-21,0.003196734897386552,rhores,10000.0,2.612440123183859e-21
1,quad_angle,360,2.6041154564274735e-21,0.0008033283625153636,rhores,10000.0,2.6062074162328863e-21
1,quad_angle,720,2.6041154564274735e-21,0.00020109177070046227,rhores,10000.0,2.604639122615715e-21
1,quad_angle,1440,2.6041154564274735e-21,5.0289182808877335e-05,rhores,10000.0,2.6042464152657172e-21
1,quad_angle,2880,2.6041154564274735e-21,1.257331096789702e-05,rhores,10000.0,2.6041481987809035e-21
1,vectorized,45,2.6041154564274735e-21,0.04606576725568803,vectorized,10000.0,2.7240760329502013e-21
1,vectorized,90,2.6041154564274735e-21,0.01252431848744418,vectorized,10000.0,2.6367302277818472e-21
1,vectorized,180,2.6041154564274735e-21,0.003196735540739924,vectorized,10000.0,2.6124401248592254e-21
1,vectorized,360,2.6041154564274735e-21,0.0008033285232690602,vectorized,10000.0,2.6062074166515075e-21
1,vectorized,720,2.6041154564274735e-21,0.00020109181097216047,vectorized,10000.0,2.604639122720587e-21
1,vectorized,1440,2.6041154564274735e-21,5.0289192730693146e-05,vectorized,10000.0,2.6042464152915547e-21
1,vectorized,2880,2.6041154564274735e-21,1.2573313532130573e-05,vectorized,10000.0,2.604148198787581e-21
1,quad_impact,45,1.3640832188865595e-22,5.51793052369273e-05,dphires,200000.0,1.364158488050863e-22
1,quad_impact,90,1.3640832188865595e-22,1.3797704624509866e-05,dphires,200000.0,1.364102040103897e-22
1,quad_impact,180,1.3640832188865595e-22,3.449605265934507e-06,dphires,200000.0,1.3640879244352145e-22
1,quad_impact,360,1.3640832188865595e-22,8.624124250462078e-07,dphires,200000.0,1.3640843952888762e-22
1,quad_impact,720,1.3640832188865595e-22,2.1560372999388686e-07,dphires,200000.0,1.3640835129879895e-22
1,quad_impact,1440,1.3640832188865595e-22,5.3900686642109254e-08,dphires,200000.0,1.3640832924115816e-22
1,quad_impact,2880,1.3640832188865595e-22,1.3475135768773032e-08,dphires,200000.0,1.364083237267766e-22
1,quad_angle,45,1.3640832188865595e-22,0.0016197836566154943,rhores,200000.0,1.3662927385907754e-22
1,quad_angle,90,1.3640832188865595e-22,0.0004056985561461219,rhores,200000.0,1.364636625478925e-22
1,quad_angle,180,1.3640832188865595e-22,0.00010146804873742588,rhores,200000.0,1.3642216297490953e-22
1,quad_angle,360,1.3640832188865595e-22,2.536967070551144e-05,rhores,200000.0,1.3641178252286375e-22
1,quad_angle,720,1.3640832188865595e-22,6.342582943127369e-06,rhores,200000.0,1.3640918706975166e-22
1,quad_angle,1440,1.3640832188865595e-22,1.5856560087085498e-06,rhores,200000.0,1.3640853818533119e-22
1,quad_angle,2880,1.3640832188865595e-22,3.964146028146581e-07,rhores,200000.0,1.3640837596290669e-22
1,vectorized,45,1.3640832188865595e-22,0.0016749778835248165,vectorized,200000.0,1.3663680281094818e-22
1,vectorized,90,1.3640832188865595e-22,0.00041949649346036485,vectorized,200000.0,1.3646554470136705e-22
1,vectorized,180,1.3640832188865595e-22,0.00010491765771559326,vectorized,200000.0,1.3642263353028142e-22
1,vectorized,360,1.3640832188865595e-22,2.6232083255683284e-05,vectorized,200000.0,1.364119001631125e-22
1,vectorized,720,1.3640832188865595e-22,6.558186786699484e-06,vectorized,200000.0,1.3640921647991015e-22
1,vectorized,1440,1.3640832188865595e-22,1.6395570555608221e-06,vectorized,200000.0,1.3640854553788254e-22
1,vectorized,2880,1.3640832188865595e-22,4.0988986267497054e-07,vectorized,200000.0,1.3640837780104427e-22
2,quad_impact,45,5.8439469088411246e-18,5.141132799647356e-15,dphires,100.0,5.843946908841155e-18
2,quad_impact,90,5.8439469088411246e-18,1.3841511383665957e-14,dphires,100.0,5.843946908841044e-18
2,quad_impact,180,5.8439469088411246e-18,9.491322091656656e-15,dphires,100.0,5.84394690884118e-18
2,quad_impact,360,5.8439469088411246e-18,5.325686284762901e-14,dphires,100.0,5.843946908840813e-18
2,quad_impact,720,5.8439469088411246e-18,3.1822293790637733e-13,dphires,100.0,5.843946908839265e-18
2,quad_impact,1440,5.8439469088411246e-18,1.202234131609843e-13,dphires,100.0,5.843946908840422e-18
2,quad_impact,2880,5.8439469088411246e-18,7.77761115844087e-14,dphires,100.0,5.84394690884067e-18
2,quad_angle,45,5.8439469088411246e-18,0.04876779141228229,rhores,100.0,6.1289432927159404e-18
2,quad_angle,90,5.8439469088411246e-18,0.013494292214442406,rhores,100.0,5.922806836114714e-18
2,quad_angle,180,5.8439469088411246e-18,0.003460970997944153,rhores,100.0,5.864172639606149e-18
2,quad_angle,360,5.8439469088411246e-18,0.0008708053847711999,rhores,100.0,5.8490358492776605e-18
2,quad_angle,720,5.8439469088411246e-18,0.00021805060458855672,rhores,100.0,5.845221184997781e-18
2,quad_angle,1440,5.8439469088411246e-18,5.453450484197244e-05,rhores,100.0,5.844265605592121e-18
2,quad_angle,2880,5.8439469088411246e-18,1.3634992459020655e-05,rhores,100.0,5.8440265910131576e-18
2,vectorized,45,5.8439469088411246e-18,0.04876779141211962,vectorized,100.0,6.12894329271499e-18
2,vectorized,90,5.8439469088411246e-18,0.013494292214498695,vectorized,100.0,5.922806836115043e-18
2,vectorized,180,5.8439469088411246e-18,0.003460970997901442,vectorized,100.0,5.8641726396058995e-18
2,vectorized,360,5.8439469088411246e-18,0.0008708053849401982,vectorized,100.0,5.849035849278648e-18
2,vectorized,720,5.8439469088411246e-18,0.0002180506046369361,vectorized,100.0,5.8452211849980636e-18
2,vectorized,1440,5.8439469088411246e-18,5.453450502388945e-05,vectorized,100.0,5.844265605593184e-18
2,vectorized,2880,5.8439469088411246e-18,1.3634992454274993e-05,vectorized,100.0,5.84402659101313e-18
2,quad_impact,45,4.0324150629340825e-18,1.1856426615969488e-07,dphires,10000.0,4.032415541034415e-18
2,quad_impact,90,4.0324150629340825e-18,2.964122520264012e-08,dphires,10000.0,4.0324151824598055e-18
2,quad_impact,180,4.0324150629340825e-18,7.41029584095657e-09,dphires,10000.0,4.032415092815471e-18
2,quad_impact,360,4.0324150629340825e-18,1.8525472139654573e-09,dphires,10000.0,4.032415070404322e-18
2,quad_impact,720,4.0324150629340825e-18,4.629352034534619e-10,dphires,10000.0,4.0324150648008294e-18
2,quad_impact,1440,4.0324150629340825e-18,1.1557064859388556e-10,dphires,10000.0,4.032415063400111e-18
2,quad_impact,2880,4.0324150629340825e-18,2.8869163636590795e-11,dphires,10000.0,4.032415063050495e-18
2,quad_angle,45,4.0324150629340825e-18,0.029864554575585595,rhores,10000.0,4.152841342652491e-18
2,quad_angle,90,4.0324150629340825e-18,0.007672758631440223,rhores,10000.0,4.0633548104137596e-18
2,quad_angle,180,4.0324150629340825e-18,0.0019312221049026428,rhores,10000.0,4.040202552039763e-18
2,quad_angle,360,4.0324150629340825e-18,0.00048362197860273053,rhores,10000.0,4.034365227485366e-18
2,quad_angle,720,4.0324150629340825e-18,0.00012095655334207312,rhores,10000.0,4.03290280996174e-18
2,quad_angle,1440,4.0324150629340825e-18,3.0242329967497437e-05,rhores,10000.0,4.032537012560982e-18
2,quad_angle,2880,4.0324150629340825e-18,7.560781985738731e-06,rhores,10000.0,4.0324455511452494e-18
2,vectorized,45,4.0324150629340825e-18,0.02986467966697131,vectorized,10000.0,4.152841847072879e-18
2,vectorized,90,4.0324150629340825e-18,0.007672788393890236,vectorized,10000.0,4.063354930428311e-18
2,vectorized,180,4.0324150629340825e-18,0.0019312295172216483,vectorized,10000.0,4.04020258192931e-18
2,vectorized,360,4.0324150629340825e-18,0.000483623831301252,vectorized,10000.0,4.0343652349562156e-18
2,vectorized,720,4.0324150629340825e-18,0.00012095701639324077,vectorized,10000.0,4.032902811828954e-18
2,vectorized,1440,4.0324150629340825e-18,3.0242445791280405e-05,vectorized,10000.0,4.032537013028031e-18
2,vectorized,2880,4.0324150629340825e-18,7.560810923105365e-06,vectorized,10000.0,4.032445551261937e-18
2,quad_impact,45,1.9722308408466937e-21,0.0009345923220184212,dphires,200000.0,1.974074072647797e-21
2,quad_impact,90,1.9722308408466937e-21,0.00023363246426132196,dphires,200000.0,1.972691617998133e-21
2,quad_impact,180,1.9722308408466937e-21,5.840900486839921e-05,dphires,200000.0,1.9723460368874783e-21
2,quad_impact,360,1.9722308408466937e-21,1.4602416201857304e-05,dphires,200000.0,1.972259640182278e-21
2,quad_impact,720,1.9722308408466937e-21,3.6506182145861786e-06,dphires,200000.0,1.9722380407085246e-21
2,quad_impact,1440,1.9722308408466937e-21,9.126553900332791e-07,dphires,200000.0,1.972232640813801e-21
2,quad_impact,2880,1.9722308408466937e-21,2.2816388331736358e-07,dphires,200000.0,1.972231290838541e-21
2,quad_angle,45,1.9722308408466937e-21,0.0026512893193995353,rhores,200000.0,1.977459795410421e-21
2,quad_angle,90,1.9722308408466937e-21,0.0006714533801044695,rhores,200000.0,1.9735551019111264e-21
2,quad_angle,180,1.9722308408466937e-21,0.0001684099991586462,rhores,200000.0,1.9725629842409413e-21
2,quad_angle,360,1.9722308408466937e-21,4.2136769484888444e-05,rhores,200000.0,1.9723139442830054e-21
2,quad_angle,720,1.9722308408466937e-21,1.0536325156584451e-05,rhores,200000.0,1.9722516209121167e-21
2,quad_angle,1440,1.9722308408466937e-21,2.6342035212430236e-06,rhores,200000.0,1.9722360361041193e-21
2,quad_angle,2880,1.9722308408466937e-21,6.585478577127578e-07,rhores,200000.0,1.9722321396550888e-21
2,vectorized,45,1.9722308408466937e-21,0.0035864579655206304,vectorized,200000.0,1.9793041638556937e-21
2,vectorized,90,1.9722308408466937e-21,0.0009050950554598548,vectorized,200000.0,1.9740158972289694e-21
2,vectorized,180,1.9722308408466937e-21,0.00022681916324788194,vectorized,200000.0,1.972678180595746e-21
2,vectorized,360,1.9722308408466937e-21,5.673920283045661e-05,vectorized,200000.0,1.972342743652401e-21
2,vectorized,720,1.9722308408466937e-21,1.4186958737684836e-05,vectorized,200000.0,1.972258820804254e-21
2,vectorized,1440,1.9722308408466937e-21,3.5468746716423093e-06,vectorized,200000.0,1.9722378361023097e-21
2,vectorized,2880,1.9722308408466937e-21,8.867270344957857e-07,vectorized,200000.0,1.9722325896770985e-21
3,quad_impact,45,2.7126265414711593e-21,2.0107057512079586e-14,dphires,100.0,2.7126265414712138e-21
3,quad_impact,90,2.7126265414711593e-21,1.3450928128770482e-14,dphires,100.0,2.7126265414711957e-21
3,quad_impact,180,2.7126265414711593e-21,2.579250136032278e-14,dphires,100.0,2.7126265414712292e-21
3,quad_impact,360,2.7126265414711593e-21,9.290847264202292e-15,dphires,100.0,2.7126265414711845e-21
3,quad_impact,720,2.7126265414711593e-21,1.6085646009663668e-14,dphires,100.0,2.712626541471203e-21
3,quad_impact,1440,2.7126265414711593e-21,4.0047711789576444e-13,dphires,100.0,2.712626541470073e-21
3,quad_impact,2880,2.7126265414711593e-21,8.458831091288653e-15,dphires,100.0,2.7126265414711363e-21
3,quad_angle,45,2.7126265414711593e-21,0.04877042619295017,rhores,100.0,2.844922494001016e-21
3,quad_angle,90,2.7126265414711593e-21,0.013495263044457518,rhores,100.0,2.7492341501896896e-21
3,quad_angle,180,2.7126265414711593e-21,0.0034612372614804907,rhores,100.0,2.72201558553298e-21
3,quad_angle,360,2.7126265414711593e-21,0.0008708734973630299,rhores,100.0,2.71498889603437e-21
3,quad_angle,720,2.7126265414711593e-21,0.0002180677305384682,rhores,100.0,2.7132180777848563e-21
3,quad_angle,1440,2.7126265414711593e-21,5.453879248773902e-05,rhores,100.0,2.7127744848472013e-21
3,quad_angle,2880,2.7126265414711593e-21,1.3636064814719497e-05,rhores,100.0,2.712663531022497e-21
3,vectorized,45,2.7126265414711593e-21,0.04877042619292535,vectorized,100.0,2.8449224940009488e-21
3,vectorized,90,2.7126265414711593e-21,0.013495263044533369,vectorized,100.0,2.7492341501898954e-21
3,vectorized,180,2.7126265414711593e-21,0.003461237261461493,vectorized,100.0,2.7220155855329287e-21
3,vectorized,360,2.7126265414711593e-21,0.0008708734973107515,vectorized,100.0,2.7149888960342282e-21
3,vectorized,720,2.7126265414711593e-21,0.0002180677305596846,vectorized,100.0,2.713218077784914e-21
3,vectorized,1440,2.7126265414711593e-21,5.453879232799191e-05,vectorized,100.0,2.712774484846768e-21
3,vectorized,2880,2.7126265414711593e-21,1.363606483149849e-05,vectorized,100.0,2.7126635310225424e-21
3,quad_impact,45,2.664744058039367e-21,6.041663860920751e-10,dphires,10000.0,2.664744059649316e-21
3,quad_impact,90,2.664744058039367e-21,1.5090671709562196e-10,dphires,10000.0,2.664744058441495e-21
3,quad_impact,180,2.664744058039367e-21,3.7677731663806226e-11,dphires,10000.0,2.6647440581397686e-21
3,quad_impact,360,2.664744058039367e-21,9.301669271466161e-12,dphires,10000.0,2.6647440580641537e-21
3,quad_impact,720,2.664744058039367e-21,2.3564021784773215e-12,dphires,10000.0,2.6647440580456463e-21
3,quad_impact,1440,2.664744058039367e-21,9.26722596399905e-13,dphires,10000.0,2.6647440580418366e-21
3,quad_impact,2880,2.664744058039367e-21,1.2055157613488483e-13,dphires,10000.0,2.6647440580396884e-21
3,quad_angle,45,2.664744058039367e-21,0.047586791541367406,rhores,10000.0,2.791550678040384e-21
3,quad_angle,90,2.664744058039367e-21,0.013065370319148721,rhores,10000.0,2.6995599259634026e-21
3,quad_angle,180,2.664744058039367e-21,0.003343774553004125,rhores,10000.0,2.673654361410908e-21
3,quad_angle,360,2.664744058039367e-21,0.0008408544340967758,rhores,10000.0,2.6669847198963026e-21
3,quad_angle,720,2.664744058039367e-21,0.00021052165760187196,rhores,10000.0,2.6653050443755503e-21
3,quad_angle,1440,2.664744058039367e-21,5.264968491579313e-05,rhores,10000.0,2.664884355974404e-21
3,quad_angle,2880,2.664744058039367e-21,1.3163625763922334e-05,rhores,10000.0,2.6647791357329038e-21
3,vectorized,45,2.664744058039367e-21,0.04758679218695173,vectorized,10000.0,2.791550679760701e-21
3,vectorized,90,2.664744058039367e-21,0.013065370471149296,vectorized,10000.0,2.6995599263684452e-21
3,vectorized,180,2.664744058039367e-21,0.00334377459075639,vectorized,10000.0,2.6736543615115082e-21
3,vectorized,360,2.664744058039367e-21,0.0008408544434951404,vectorized,10000.0,2.6669847199213468e-21
3,vectorized,720,2.664744058039367e-21,0.0002105216599363942,vectorized,10000.0,2.6653050443817712e-21
3,vectorized,1440,2.664744058039367e-21,5.2649685579956084e-05,vectorized,10000.0,2.664884355976174e-21
3,vectorized,2880,2.664744058039367e-21,1.316362591270613e-05,vectorized,10000.0,2.6647791357333003e-21
3,quad_impact,45,2.032778437421031e-22,2.9901042390484102e-05,dphires,200000.0,2.0328392196152587e-22
3,quad_impact,90,2.032778437421031e-22,7.476880373821742e-06,dphires,200000.0,2.032793636262234e-22
3,quad_impact,180,2.032778437421031e-22,1.8693217075425728e-06,dphires,200000.0,2.0327822373378906e-22
3,quad_impact,360,2.032778437421031e-22,4.6733682101705507e-07,dphires,200000.0,2.0327793874132437e-22
3,quad_impact,720,2.032778437421031e-22,1.1683455730490913e-07,dphires,200000.0,2.0327786749197998e-22
3,quad_impact,1440,2.032778437421031e-22,2.9208664770097844e-08,dphires,200000.0,2.0327784967957749e-22
3,quad_impact,2880,2.032778437421031e-22,7.302221879904797e-09,dphires,200000.0,2.0327784522648301e-22
3,quad_angle,45,2.032778437421031e-22,0.005388004364641572,rhores,200000.0,2.0437310565142047e-22
3,quad_angle,90,2.032778437421031e-22,0.001347651442483557,rhores,200000.0,2.0355179142144709e-22
3,quad_angle,180,2.032778437421031e-22,0.00033695754622787346,rhores,200000.0,2.0334633974553293e-22
3,quad_angle,360,2.032778437421031e-22,8.424224907781666e-05,rhores,200000.0,2.0329496832484762e-22
3,quad_angle,720,2.032778437421031e-22,2.106074227763891e-05,rhores,200000.0,2.032821249243809e-22
3,quad_angle,1440,2.032778437421031e-22,5.265196857611814e-06,rhores,200000.0,2.0327891403996719e-22
3,quad_angle,2880,2.032778437421031e-22,1.316299904249894e-06,rhores,200000.0,2.0327811131670935e-22
3,vectorized,45,2.032778437421031e-22,0.005417951144317106,vectorized,200000.0,2.0437919316821994e-22
3,vectorized,90,2.032778437421031e-22,0.0013551290419322717,vectorized,200000.0,2.035533114517394e-22
3,vectorized,180,2.032778437421031e-22,0.00033882687916368047,vectorized,200000.0,2.0334671973950135e-22
3,vectorized,360,2.032778437421031e-22,8.470958603889065e-05,vectorized,200000.0,2.0329506332409737e-22
3,vectorized,720,2.032778437421031e-22,2.1177576927351328e-05,vectorized,200000.0,2.0328214867427657e-22
3,vectorized,1440,2.032778437421031e-22,5.294405583678509e-06,vectorized,200000.0,2.0327891997745404e-22
3,vectorized,2880,2.032778437421031e-22,1.3236021031146614e-06,vectorized,200000.0,2.032781128010846e-22
